,index,idandtype,productname,company,interest_type,highest_rate,deposit_limit,period,redemption_interest,monthly_interest,review_counts,average_rate
0,0,2359DEPOSITFSS,"iTouch
우리예금",woori,단리,1.45,제한없음,12개월 ~ 36개월,입금일 당시 고시한 일반정기예금의 중도해지이율 적용,"
개월별 기본금리
6개월기본 1.2%우대 시 1.4%12개월기본 1.25%우대 시 1.45%
",0,
1,2,2361DEPOSITFSS,위비톡예금,woori,단리,7.0,제한없음,3개월 ~ 12개월,입금일 당시 고시한 일반정기예금의 중도해지이율 적용,"
개월별 기본금리
6개월기본 1.4%우대 시 1.7%12개월기본 1.7%우대 시 2%
",0,
2,5,2364DEPOSITFSS,"Red Monkey
스마트 정기예금",woori,단리,1.4,300만원 ~ 제한없음,12개월,입금일 당시 고시한 일반정기예금의 중도해지이율 적용,"
개월별 기본금리
6개월기본 1%우대 시 1.2%12개월기본 1.2%우대 시 1.4%
",0,
3,6,2365DEPOSITFSS,우리웰리치 주거래예금,woori,단리,1.5,100만원 ~ 제한없음,6개월 ~ 12개월,입금일 당시 고시한 일반정기예금의 중도해지이율 적용,"
개월별 기본금리
6개월기본 1.15%우대 시 1.35%12개월기본 1.3%우대 시 1.5%
",0,
4,8,2367DEPOSITFSS,우리웰리치100예금(회전형),woori,단리,1.45,300만원 ~ 제한없음,12개월 ~ 60개월,입금일 당시 고시한 일반정기예금의 중도해지이율 적용,"
개월별 기본금리
12개월기본 1.25%우대 시 1.45%
",0,
5,10,2369DEPOSITFSS,"우리로모아
정기예금",woori,단리,1.6,"100만원 ~ 2,000만원",6개월 ~ 12개월,입금일 당시 고시한 일반정기예금의 중도해지이율 적용,"
개월별 기본금리
6개월기본 0.95%우대 시 1.25%12개월기본 1.3%우대 시 1.6%
",0,
6,12,2371DEPOSITFSS,홈앤세이브예금,sc,단리,1.3,제한없음,제한없음,,"
개월별 기본금리
12개월기본 1.3%우대 시 1.3%
",0,
7,13,2372DEPOSITFSS,e-그린세이브예금,sc,단리,1.45,제한없음,제한없음,,"
개월별 기본금리
6개월기본 1.15%우대 시 1.15%12개월기본 1.45%우대 시 1.45%
",0,
8,15,2374DEPOSITFSS,퍼스트정기예금,sc,단리,1.0,100만원 ~ 제한없음,12개월 ~ 60개월,"3개월 미만:0.5%
3개월-1년:약정이율의 25%
1년-2년:약정이율의 50%
2년이상:약정이율의 75%
매1년 경과한 잔여월수:약정이율의 25%","
개월별 기본금리
6개월기본 1%우대 시 1%12개월기본 1.1%우대 시 1.1%24개월기본 1.15%우대 시 1.15%36개월기본 1.15%우대 시 1.15%
",0,
9,19,2378DEPOSITFSS,프리스타일예금,citi,단리,1.4,100만원 ~ 제한없음,1개월 ~ 36개월,"1개월 미만:0.1
2개월 미만:0.15
3개월 미만:0.2
3개월 이상:중도해지이율=약정이율*(1-차감율)","
개월별 기본금리
6개월기본 1.2%우대 시 1.2%12개월기본 1.4%우대 시 1.4%24개월기본 1.4%우대 시 1.4%36개월기본 1.4%우대 시 1.4%
",0,
10,27,2386DEPOSITFSS,자유회전예금,citi,단리,1.4,100만원 ~ 제한없음,1개월 ~ 360개월,"1회전기간 경과 전 15일 미만:0.1
1회전기간 경과 전 15일 이상:1.0
회전주기 만료일:회전주기에 해당하는 약정이율
회전주기 만료일 경과 후 최종 회전주기 만료전일까지:회저주기에 해당하는 약정이율
회전주기 만료일 경과 후 최종 회전주기 만료일로부터 중도해지일까지:0.1","
개월별 기본금리
6개월기본 1.2%우대 시 1.2%12개월기본 1.4%우대 시 1.4%24개월기본 1.4%우대 시 1.4%36개월기본 1.4%우대 시 1.4%
",0,
11,35,2394DEPOSITFSS,내손안에 예금,dgb,단리,1.7,"100만원 ~ 5,000만원",1개월 ~ 36개월,"1개월 미만:0.1
1개월 이상:약정이자율20%
3개월 이상:약정이자율30%
6개월 이상:약정이자율40%
1년 이상:약정이자율50%","
개월별 기본금리
6개월기본 1.42%우대 시 1.62%12개월기본 1.46%우대 시 1.66%24개월기본 1.48%우대 시 1.68%36개월기본 1.5%우대 시 1.7%
",0,
12,39,2398DEPOSITFSS,독도예금,dgb,단리,1.77,100만원 ~ 제한없음,12개월 ~ 36개월,"1개월 미만:0.1
1개월 이상:약정이자율20%
3개월 이상:약정이자율30%
6개월 이상:약정이자율40%
1년 이상:약정이자율50%","
개월별 기본금리
12개월기본 1.44%우대 시 1.69%24개월기본 1.48%우대 시 1.73%36개월기본 1.52%우대 시 1.77%
",0,
13,42,2401DEPOSITFSS,DGB주거래우대예금(첫만남고객형),dgb,단리,1.4,300만원 ~ 제한없음,6개월 ~ 36개월,"1개월 미만:0.1
1개월 이상:약정이자율20%
3개월 이상:약정이자율30%
6개월 이상:약정이자율40%
1년 이상:약정이자율50%","
개월별 기본금리
6개월기본 1.12%우대 시 1.32%12개월기본 1.16%우대 시 1.36%24개월기본 1.18%우대 시 1.38%36개월기본 1.2%우대 시 1.4%
",0,
14,46,2405DEPOSITFSS,자유만기회전예금,dgb,단리,1.55,100만원 ~ 제한없음,12개월 ~ 60개월,"최초 1회전 기간 미만 경과
- 1개월 미만:0.1
- 1개월 이상:약정이자율20%
- 3개월 이상:약정이자율30%
- 6개월 이상:약정이자율40%
최초 1회전 기간 이상 경과
- 신규일~매 금리결정일 전날:약정이자율
- 최종 금리결정일~해지 전날:직전회전기간 약정이자율 1/2","
개월별 기본금리
6개월기본 1.46%우대 시 1.51%12개월기본 1.5%우대 시 1.55%
",0,
15,50,2409DEPOSITFSS,e-U(이유)예금,dgb,단리,1.7,"100만원 ~ 10,000만",1개월 ~ 36개월,"1개월 미만:0.1
1개월 이상:약정이자율20%
3개월 이상:약정이자율30%
6개월 이상:약정이자율40%
1년 이상:약정이자율50%","
개월별 기본금리
6개월기본 1.12%우대 시 1.62%12개월기본 1.16%우대 시 1.66%24개월기본 1.18%우대 시 1.68%36개월기본 1.2%우대 시 1.7%
",0,
16,54,2413DEPOSITFSS,메리트정기예금,bnkbs,단리,2.3,500만원 ~ 제한없음,1개월 ~ 12개월,상품별 기준금리*(경과월수/계약월수)*50%,"
개월별 기본금리
6개월기본 0.7%우대 시 2.1%12개월기본 0.9%우대 시 2.3%
",0,
17,56,2415DEPOSITFSS,e-푸른바다정기예금,bnkbs,단리,1.5,100만원 ~ 제한없음,1개월 ~ 60개월,상품별 기준금리*(경과월수/계약월수)*50%,"
개월별 기본금리
6개월기본 1.1%우대 시 1.1%12개월기본 1.3%우대 시 1.3%24개월기본 1.4%우대 시 1.4%36개월기본 1.5%우대 시 1.5%
",0,
18,60,2419DEPOSITFSS,"BIFF
정기예금",bnkbs,단리,1.4,100만원 ~ 제한없음,12개월,가입일 당시 일반정기예금 기본금리 * 경과월수/계약월수(12개월) * 50%,"
개월별 기본금리
12개월기본 1.4%우대 시 1.4%
",0,
19,61,2420DEPOSITFSS,BNKe스마트정기예금,bnkbs,단리,1.3,"10만원 ~ 3,000만원",3개월 ~ 12개월,상품별 기준금리*(경과월수/계약월수)*50%,"
개월별 기본금리
6개월기본 1.1%우대 시 1.1%12개월기본 1.3%우대 시 1.3%
",0,
20,63,2422DEPOSITFSS,달콤한인생 정기예금,bnkbs,단리,1.45,제한없음,제한없음,,"
개월별 기본금리
12개월기본 1.25%우대 시 1.25%24개월기본 1.35%우대 시 1.35%36개월기본 1.45%우대 시 1.45%
",0,
21,66,2426DEPOSITFSS,"굿-초이스
정기예금",bnkbs,단리,1.2,제한없음,제한없음,,"
개월별 기본금리
12개월기본 1.2%우대 시 1.2%
",0,
22,67,2427DEPOSITFSS,"사랑방
정기예금",bnkbs,단리,1.45,제한없음,제한없음,,"
개월별 기본금리
12개월기본 1.45%우대 시 1.45%
",0,
23,68,2428DEPOSITFSS,플러스다모아예금,gwangju,단리,1.41,제한없음,제한없음,"3개월 미만:0.1
3개월-1년:고시금리*경과월수/계약월수*40%
1년-2년:고시금리*경과월수/계약월수*50%
2년-3년:고시금리*경과월수/계약월수*60%","
개월별 기본금리
6개월기본 1.17%우대 시 1.17%12개월기본 1.31%우대 시 1.31%24개월기본 1.41%우대 시 1.41%36개월기본 1.3%우대 시 1.3%
",0,
24,72,2432DEPOSITFSS,아파트사랑정기예금,gwangju,단리,1.71,100만원 ~ 제한없음,12개월 ~ 36개월,"3개월 미만:0.1
3개월-1년:고시금리*경과월수/계약월수*40%
1년-2년:고시금리*경과월수/계약월수*50%
2년-3년:고시금리*경과월수/계약월수*60%","
개월별 기본금리
12개월기본 1.31%우대 시 1.61%24개월기본 1.41%우대 시 1.71%36개월기본 1.3%우대 시 1.6%
",0,
25,75,2435DEPOSITFSS,스마트모아Dream정기예금,gwangju,단리,1.81,"100만원 ~ 2,000만원",1개월 ~ 36개월,"3개월 미만:0.1
3개월-1년:고시금리*경과월수/계약월수*40%
1년-2년:고시금리*경과월수/계약월수*50%
2년-3년:고시금리*경과월수/계약월수*60%","
개월별 기본금리
6개월기본 1.27%우대 시 1.57%12개월기본 1.41%우대 시 1.71%24개월기본 1.51%우대 시 1.81%36개월기본 1.4%우대 시 1.7%
",0,
26,79,2439DEPOSITFSS,제주Dream정기예금(개인/만기지급식),jeju,단리,1.5,제한없음,제한없음,,"
개월별 기본금리
6개월기본 1.2%우대 시 1.2%12개월기본 1.35%우대 시 1.35%24개월기본 1.4%우대 시 1.4%36개월기본 1.5%우대 시 1.5%
",0,
27,83,2443DEPOSITFSS,사이버우대정기예금(만기지급식),jeju,단리,1.9,100만원 ~ 제한없음,1개월 ~ 36개월,"1개월 미만:0.1
3개월 미만:정기예금 기본이자율50%*경과월수/계약월수","
개월별 기본금리
6개월기본 1.5%우대 시 1.6%12개월기본 1.75%우대 시 1.85%24개월기본 1.8%우대 시 1.9%36개월기본 1.8%우대 시 1.9%
",0,
28,87,2447DEPOSITFSS,정기예금,jbb,단리,1.2,1만원 ~ 제한없음,1개월 ~ 60개월,"15일 미만:0.1
15일-3개월:계약기간별실행이율의 2/10
3개월-6개월:계약기간별실행이율의 3/10
6개월-2년:계약기간별실행이율의 4/10
2년-3년:계약기간별실행이율의 5/10
3년 이상:계약기간별실행이율의 6/10","
개월별 기본금리
6개월기본 0.7%우대 시 0.7%12개월기본 1.05%우대 시 1.05%24개월기본 1.1%우대 시 1.1%36개월기본 1.2%우대 시 1.2%
",0,
29,91,2451DEPOSITFSS,맞춤형자유만기정기예금(월이자지급식),jbb,단리,1.15,500만원 ~ 제한없음,6개월 ~ 60개월,매1년 단위로 해지시점의 시장금리부 정기예금 월이자 지급식 예치기간별 실행이율 적용,"
개월별 기본금리
6개월기본 1.05%우대 시 1.05%12개월기본 1.15%우대 시 1.15%
",0,
30,93,2453DEPOSITFSS,맞춤형자유만기정기예금(만기일시지급식),jbb,단리,1.25,500만원 ~ 제한없음,6개월 ~ 60개월,매1년 단위로 해지시점의 시장금리부 정기예금 월이자 지급식 예치기간별 실행이율 적용,"
개월별 기본금리
6개월기본 1.15%우대 시 1.15%12개월기본 1.25%우대 시 1.25%
",0,
31,95,2455DEPOSITFSS,"시장금리부정기예금
(월이자지급식)",jbb,단리,1.2,"300만원 ~ 10,000만",1개월 ~ 36개월,"15일 미만:0.1
15일-3개월:계약기간별실행이율의 2/10
3개월-6개월:계약기간별실행이율의 3/10
6개월-2년:계약기간별실행이율의 4/10
2년-3년:계약기간별실행이율의 5/10
3년 이상:계약기간별실행이율의 6/10","
개월별 기본금리
6개월기본 1.05%우대 시 1.05%12개월기본 1.15%우대 시 1.15%24개월기본 1.15%우대 시 1.15%36개월기본 1.2%우대 시 1.2%
",0,
32,99,2459DEPOSITFSS,"시장금리부정기예금
(만기일시지급식)",jbb,단리,1.3,"300만원 ~ 10,000만",1개월 ~ 36개월,"15일 미만:0.1
15일-3개월:계약기간별실행이율의 2/10
3개월-6개월:계약기간별실행이율의 3/10
6개월-2년:계약기간별실행이율의 4/10
2년-3년:계약기간별실행이율의 5/10
3년 이상:계약기간별실행이율의 6/10","
개월별 기본금리
6개월기본 1.15%우대 시 1.15%12개월기본 1.25%우대 시 1.25%24개월기본 1.25%우대 시 1.25%36개월기본 1.3%우대 시 1.3%
",0,
33,103,2463DEPOSITFSS,"인터넷정기예금
(월이자지급식)",jbb,단리,1.3,"300만원 ~ 10,000만",1개월 ~ 36개월,"15일 미만:0.1
15일-3개월:계약기간별실행이율의 2/10
3개월-6개월:계약기간별실행이율의 3/10
6개월-2년:계약기간별실행이율의 4/10
2년-3년:계약기간별실행이율의 5/10
3년 이상:계약기간별실행이율의 6/10","
개월별 기본금리
6개월기본 1.15%우대 시 1.15%12개월기본 1.25%우대 시 1.25%24개월기본 1.25%우대 시 1.25%36개월기본 1.3%우대 시 1.3%
",0,
34,107,2467DEPOSITFSS,"인터넷정기예금
(만기일시지급식)",jbb,단리,1.4,"300만원 ~ 10,000만",1개월 ~ 36개월,"15일 미만:0.1
15일-3개월:계약기간별실행이율의 2/10
3개월-6개월:계약기간별실행이율의 3/10
6개월-2년:계약기간별실행이율의 4/10
2년-3년:계약기간별실행이율의 5/10
3년 이상:계약기간별실행이율의 6/10","
개월별 기본금리
6개월기본 1.25%우대 시 1.25%12개월기본 1.35%우대 시 1.35%24개월기본 1.35%우대 시 1.35%36개월기본 1.4%우대 시 1.4%
",0,
35,111,2471DEPOSITFSS,"스마트정기예금
(만기일시지급식)",jbb,단리,1.85,"300만원 ~ 5,000만원",1개월 ~ 36개월,"15일 미만:0.1
15일-3개월:계약기간별실행이율의 2/10
3개월-6개월:계약기간별실행이율의 3/10
6개월-2년:계약기간별실행이율의 4/10
2년-3년:계약기간별실행이율의 5/10
3년 이상:계약기간별실행이율의 6/10","
개월별 기본금리
6개월기본 1.3%우대 시 1.7%12개월기본 1.4%우대 시 1.8%24개월기본 1.4%우대 시 1.8%36개월기본 1.45%우대 시 1.85%
",0,
36,115,2475DEPOSITFSS,"JB 다이렉트예금통장
(만기일시지급식)",jbb,단리,1.8,"100만원 ~ 30,000만",12개월,"15일 미만:0.1
15일-3개월:계약기간별실행이율의 2/10
3개월-6개월:계약기간별실행이율의 3/10
6개월-2년:계약기간별실행이율의 4/10
2년-3년:계약기간별실행이율의 5/10
3년 이상:계약기간별실행이율의 6/10","
개월별 기본금리
12개월기본 1.8%우대 시 1.8%
",0,
37,116,2476DEPOSITFSS,마니마니정기예금,bnkgn,단리,1.3,500만원 ~ 제한없음,1개월 ~ 24개월,"1개월 미만:0.1
1개월 이상:기본이율50%*경과월수/계약월수","
개월별 기본금리
6개월기본 1.05%우대 시 1.05%12개월기본 1.25%우대 시 1.25%24개월기본 1.3%우대 시 1.3%
",0,
38,119,2479DEPOSITFSS,"스마트
정기예금",bnkgn,단리,1.5,"100만원 ~ 5,000만원",1개월 ~ 12개월,"1개월 미만:0.1
1개월 이상:기본이율50%*경과월수/계약월수","
개월별 기본금리
6개월기본 1.15%우대 시 1.3%12개월기본 1.35%우대 시 1.5%
",0,
39,121,2481DEPOSITFSS,"e-Money
정기예금",bnkgn,단리,1.4,100만원 ~ 제한없음,1개월 ~ 12개월,"1개월 미만:0.1
1개월 이상:기본이율50%*경과월수/계약월수","
개월별 기본금리
6개월기본 1.15%우대 시 1.2%12개월기본 1.35%우대 시 1.4%
",0,
40,123,2483DEPOSITFSS,"다모아
정기예금",bnkgn,단리,2.55,500만원 ~ 제한없음,12개월,"1개월 미만:0.1
1개월 이상:기본이율50%*경과월수/계약월수","
개월별 기본금리
12개월기본 1.25%우대 시 2.25%24개월기본 1.55%우대 시 2.55%
",0,
41,125,2485DEPOSITFSS,"新서민섬김통장 
(실세금리정기예금)",ibk,단리,1.5,"제한없음 ~ 3,000만원",12개월 ~ 36개월,"1개월 미만:0.1
3개월 미만:0.3
3개월 이상:상품가입일 현재 계약기간별 고시금리*인정률
- 6개월 미만:30%
- 1년 미만:40%
- 1년 이상:50%","
개월별 기본금리
12개월기본 1.2%우대 시 1.4%24개월기본 1.25%우대 시 1.45%36개월기본 1.3%우대 시 1.5%
",1,3.0
42,128,2488DEPOSITFSS,IBK흔들어예금,ibk,단리,1.7,"100만원 ~ 10,000만",3개월 ~ 12개월,"1개월 미만:0.1
3개월 미만:0.3
3개월 이상:상품가입일 현재 계약기간별 고시금리*인정률
- 6개월 미만:30%
- 1년 미만:40%
- 1년 이상:50%","
개월별 기본금리
6개월기본 1.25%우대 시 1.65%12개월기본 1.3%우대 시 1.7%
",0,
43,129,2489DEPOSITFSS,IBK평생한가족통장 (실세금리정기예금),ibk,단리,1.6,100만원 ~ 제한없음,12개월 ~ 36개월,"1개월 미만:0.1
3개월 미만:0.3
3개월 이상:상품가입일 현재 계약기간별 고시금리*인정률
- 6개월 미만:30%
- 1년 미만:40%
- 1년 이상:50%","
개월별 기본금리
12개월기본 1.3%우대 시 1.5%24개월기본 1.35%우대 시 1.55%36개월기본 1.4%우대 시 1.6%
",0,
44,132,2492DEPOSITFSS,사랑해정기예금,suhyup,단리,1.1,100만원 ~ 제한없음,3개월 ~ 12개월,"3개월 미만:0.3
3개월-6개월:기본이율*3/약정기간50%
6개월-9개월:기본이율*6/약정기간55%
9개월-1년:기본이율*9/약정기간55%","
개월별 기본금리
6개월기본 0.9%우대 시 0.9%12개월기본 1.1%우대 시 1.1%
",0,
45,134,2494DEPOSITFSS,사랑해나누리예금,suhyup,단리,1.6,100만원 ~ 제한없음,3개월 ~ 12개월,"3개월 미만:0.3
3개월-6개월:기본이율*3/약정기간45%
6개월-9개월:기본이율*6/약정기간50%
9개월-1년:기본이율*9/약정기간50%","
개월별 기본금리
6개월기본 1.3%우대 시 1.4%12개월기본 1.5%우대 시 1.6%
",0,
46,136,2496DEPOSITFSS,KDBdream 정기예금,kdb,단리,1.6,100만원 ~ 제한없음,6개월 ~ 24개월,가입일에 고시된 일반정기예금 기간별 중도해지이율 적용,"
개월별 기본금리
6개월기본 1.35%우대 시 1.45%12개월기본 1.45%우대 시 1.55%24개월기본 1.5%우대 시 1.6%
",0,
47,139,2499DEPOSITFSS,KDB Hi 정기예금,kdb,단리,1.7,100만원 ~ 제한없음,12개월,가입일에 고시된 일반정기예금 기간별 중도해지이율 적용,"
개월별 기본금리
12개월기본 1.7%우대 시 1.7%
",0,
48,140,2500DEPOSITFSS,정기예금,hk_sb,단리,2.45,100만원 ~ 제한없음,1개월 ~ 60개월,"3개월 미만:보통예금이율
6개월 미만:0.3
12개월 미만:0.5
12개월 이상:1.0","
개월별 기본금리
6개월기본 1.6%우대 시 1.65%12개월기본 2.1%우대 시 2.15%24개월기본 2.3%우대 시 2.35%36개월기본 2.4%우대 시 2.45%
",0,
49,148,2508DEPOSITFSS,정기예금,osb_sb,단리,2.4,10만원 ~ 제한없음,1개월 ~ 36개월,"3개월 미만:0.2
12개월 미만:1.0
12개월 이상:1.5","
개월별 기본금리
6개월기본 1.6%우대 시 1.6%12개월기본 2.2%우대 시 2.2%24개월기본 2.3%우대 시 2.3%36개월기본 2.4%우대 시 2.4%
",0,
50,156,2516DEPOSITFSS,정기예금,dongbu_sb,단리,2.15,10만원 ~ 제한없음,1개월 ~ 24개월,"6개월 미만:0.5
6개월-12개월:1.0
12개월 이상:1.5","
개월별 기본금리
6개월기본 1.7%우대 시 1.75%12개월기본 2.1%우대 시 2.15%24개월기본 2.1%우대 시 2.15%
",0,
51,162,2522DEPOSITFSS,정기예금,sky_sb,단리,2.2,10만원 ~ 제한없음,1개월 ~ 36개월,"3개월 미만:0.5
12개월 미만:1.0
12개월 이상:1.5","
개월별 기본금리
6개월기본 1.7%우대 시 1.8%12개월기본 2.1%우대 시 2.2%24개월기본 2%우대 시 2.1%36개월기본 2%우대 시 2.1%
",0,
52,170,2530DEPOSITFSS,정기예금,minkook_sb,단리,2.2,10만원 ~ 제한없음,1개월 ~ 36개월,"1개월 미만:0.2
3개월 미만:1.0
6개월 미만:1.2
12개월 미만:1.2
12개월 이상:1.5","
개월별 기본금리
6개월기본 1.7%우대 시 1.9%12개월기본 2%우대 시 2.2%24개월기본 2%우대 시 2.2%36개월기본 2%우대 시 2.2%
",0,
53,178,2538DEPOSITFSS,e-행복정기예금,minkook_sb,단리,2.1,10만원 ~ 제한없음,1개월 ~ 36개월,"1개월 미만:0.2
3개월 미만:1.0
6개월 미만:1.2
12개월 미만:1.2
12개월 이상:1.5","
개월별 기본금리
6개월기본 1.8%우대 시 1.8%12개월기본 2.1%우대 시 2.1%24개월기본 2.1%우대 시 2.1%36개월기본 2%우대 시 2%
",0,
54,186,2546DEPOSITFSS,푸른 정기예금,pureun_sb,단리,2.2,10만원 ~ 제한없음,1개월 ~ 24개월,실예치기간 금리의 50%,"
개월별 기본금리
6개월기본 1.6%우대 시 1.7%12개월기본 2.1%우대 시 2.2%24개월기본 2.1%우대 시 2.2%
",0,
55,192,2552DEPOSITFSS,정기예금,sb_sb,단리,1.9,10만원 ~ 제한없음,제한없음,"3개월 미만:0.5
3개월-6개월:1.0
6개월-12개월:1.0
12개월 이상:1.5","
개월별 기본금리
6개월기본 1.4%우대 시 1.4%12개월기본 1.8%우대 시 1.8%24개월기본 1.9%우대 시 1.9%36개월기본 1.9%우대 시 1.9%
",0,
56,200,2560DEPOSITFSS,정기예금,ts_sb,단리,2.0,10만원 ~ 제한없음,1개월 ~ 24개월,"3개월 미만:0.5
3개월-6개월:0.8
6개월-12개월:1.0
12개월 이상:1.3","
개월별 기본금리
6개월기본 1.9%우대 시 2%12개월기본 2.2%우대 시 2.3%24개월기본 2.3%우대 시 2.4%
",1,3.0
57,206,2566DEPOSITFSS,정기예금,thek_sb,복리,2.47,10만원 ~ 제한없음,1개월 ~ 36개월,"1개월 이상:0.5
3개월 이상:0.8
6개월 이상:1.0
12개월 이상:1.3
18개월 이상:1.4
24개월 이상:1.5","
개월별 기본금리
6개월기본 1.71%우대 시 1.81%12개월기본 2.12%우대 시 2.22%24개월기본 2.24%우대 시 2.34%36개월기본 2.37%우대 시 2.47%
",0,
58,214,2574DEPOSITFSS,정기예금,choeun_sb,단리,2.6,10만원 ~ 제한없음,6개월 ~ 36개월,"6개월 미만:0.5
6-12개월:1.0
12개월 이상:1.5","
개월별 기본금리
6개월기본 1.8%우대 시 1.9%12개월기본 2.1%우대 시 2.2%24개월기본 2.4%우대 시 2.5%36개월기본 2.5%우대 시 2.6%
",0,
59,222,2582DEPOSITFSS,정기예금,sbi_sb,단리,2.4,10만원 ~ 제한없음,1개월 ~ 36개월,가입일 당시 영업점에 고시된 일반정기예금 중도해지이율,"
개월별 기본금리
6개월기본 1.4%우대 시 1.5%12개월기본 2.1%우대 시 2.2%24개월기본 2.3%우대 시 2.4%36개월기본 2.3%우대 시 2.4%
",0,
60,230,2590DEPOSITFSS,정기예금,shinan_sb,단리,2.1,10만원 ~ 제한없음,1개월 ~ 36개월,1.0,"
개월별 기본금리
6개월기본 1.7%우대 시 1.7%12개월기본 2.1%우대 시 2.1%24개월기본 2.1%우대 시 2.1%36개월기본 2.1%우대 시 2.1%
",0,
61,238,2598DEPOSITFSS,스마트정기예금,shinan_sb,단리,2.1,10만원 ~ 제한없음,1개월 ~ 36개월,1.0,"
개월별 기본금리
6개월기본 1.7%우대 시 1.7%12개월기본 2.1%우대 시 2.1%24개월기본 2.1%우대 시 2.1%36개월기본 2.1%우대 시 2.1%
",0,
62,246,2606DEPOSITFSS,정기예금,hyundai_sb,단리,2.4,10만원 ~ 제한없음,1개월 ~ 120개월,"1개월 이상:0.1
6개월 이상:1.0","
개월별 기본금리
6개월기본 1.8%우대 시 1.9%12개월기본 2.2%우대 시 2.3%24개월기본 2.3%우대 시 2.4%36개월기본 2.3%우대 시 2.4%
",1,3.0
63,254,2614DEPOSITFSS,정기예금,hanshin_sb,단리,1.9,10만원 ~ 제한없음,1개월 ~ 36개월,"3개월 미만:약정 당시 보통예금금리
3개월 이상:약정 당시 저축예금금리","
개월별 기본금리
6개월기본 1.4%우대 시 1.6%12개월기본 1.6%우대 시 1.8%24개월기본 1.7%우대 시 1.9%36개월기본 1.7%우대 시 1.9%
",0,
64,262,2622DEPOSITFSS,정기예금,goryo_sb,단리,2.8,10만원 ~ 제한없음,1개월 ~ 36개월,"6개월 미만:1.0
1년 미만:1.2
1년 이상:가입당시 1년 정기예금 금리","
개월별 기본금리
6개월기본 2%우대 시 2.1%12개월기본 2.4%우대 시 2.5%24개월기본 2.6%우대 시 2.7%36개월기본 2.7%우대 시 2.8%
",0,
65,270,2630DEPOSITFSS,꿈 찾아 정기예금,kukje_sb,단리,2.2,10만원 ~ 제한없음,1개월 ~ 36개월,"1개월 이상:0.2
3개월 이상:0.3
6개월 이상:0.5
12개월 이상:1.0","
개월별 기본금리
6개월기본 1.3%우대 시 1.3%12개월기본 2.2%우대 시 2.2%24개월기본 2%우대 시 2%36개월기본 2%우대 시 2%
",0,
66,278,2638DEPOSITFSS,정기예금,dh_sb,단리,2.2,제한없음,1개월 ~ 24개월,"1개월 미만:0.5
1개월 이상:1.0
3개월 이상:1.0
6개월 이상:1.2
12개월 이상:1.5","
개월별 기본금리
6개월기본 1.6%우대 시 1.6%12개월기본 2.2%우대 시 2.2%24개월기본 2.2%우대 시 2.2%
",0,
67,284,2644DEPOSITFSS,정기예금,heungkuk_sb,단리,2.3,10만원 ~ 제한없음,1개월 ~ 24개월,,"
개월별 기본금리
6개월기본 1.5%우대 시 1.5%12개월기본 2.2%우대 시 2.2%24개월기본 2.3%우대 시 2.3%
",0,
68,290,2650DEPOSITFSS,정기예금,woolee_sb,단리,8.0,10만원 ~ 제한없음,1개월 ~ 12개월,"2개월 미만:0.2
3개월 미만:0.3
6개월 미만:0.4
12개월 미만:0.6
12개월 이상:0.8","
개월별 기본금리
6개월기본 0.8%우대 시 0.8%12개월기본 1%우대 시 1%24개월기본 1%우대 시 1%
",0,
69,296,2656DEPOSITFSS,정기예금,insung_sb,단리,2.3,10만원 ~ 제한없음,1개월 ~ 60개월,,"
개월별 기본금리
6개월기본 1.6%우대 시 1.7%12개월기본 2.1%우대 시 2.2%24개월기본 2.2%우대 시 2.3%36개월기본 2.2%우대 시 2.3%
",0,
70,304,2664DEPOSITFSS,정기예금,kuemhwa_sb,단리,2.4,10만원 ~ 제한없음,1개월 ~ 36개월,"3개월 미만:0.5
3개월 이상:해당경과기간이율*50%","
개월별 기본금리
6개월기본 1.8%우대 시 1.9%12개월기본 2.1%우대 시 2.2%24개월기본 2.3%우대 시 2.4%36개월기본 2.3%우대 시 2.4%
",0,
71,312,2672DEPOSITFSS,정기예금,incheon_sb,단리,2.4,제한없음,1개월 ~ 36개월,"6개월 미만:0.5
6개월 이상:1.0","
개월별 기본금리
6개월기본 1.6%우대 시 1.7%12개월기본 2.1%우대 시 2.2%24개월기본 2.3%우대 시 2.4%36개월기본 2.3%우대 시 2.4%
",2,2.5
72,320,2680DEPOSITFSS,정기예금,moa_sb,단리,2.2,10만원 ~ 제한없음,1개월 ~ 24개월,"3개월 미만:0.2
3개월 이상:0.5
6개월 이상:1.0","
개월별 기본금리
6개월기본 1.5%우대 시 1.6%12개월기본 2.1%우대 시 2.2%24개월기본 2.1%우대 시 2.2%
",0,
73,326,2686DEPOSITFSS,정기예금,debec_sb,단리,2.1,10만원 ~ 제한없음,1개월 ~ 60개월,"3개월 미만:0.2
6개월 미만:0.5
6개월 이상:1.0","
개월별 기본금리
6개월기본 1.5%우대 시 1.5%12개월기본 2%우대 시 2%24개월기본 2.1%우대 시 2.1%36개월기본 2.1%우대 시 2.1%
",0,
74,334,2694DEPOSITFSS,정기예금,union_sb,단리,2.2,10만원 ~ 제한없음,1개월 ~ 12개월,"3개월 이하:0.2
3개월-6개월:0.5
6개월 초과:1.0","
개월별 기본금리
6개월기본 1.7%우대 시 1.7%12개월기본 2.1%우대 시 2.1%24개월기본 2.2%우대 시 2.2%
",1,3.0
75,338,2698DEPOSITFSS,정기예금 단리식,ms_sb,단리,2.2,제한없음,제한없음,,"
개월별 기본금리
6개월기본 1.7%우대 시 1.7%12개월기본 1.9%우대 시 1.9%24개월기본 2.2%우대 시 2.2%36개월기본 2.2%우대 시 2.2%
",2,3.5
76,346,2706DEPOSITFSS,정기예금,anguk_sb,단리,2.3,100만원 ~ 제한없음,1개월 ~ 24개월,0.5,"
개월별 기본금리
6개월기본 1.8%우대 시 1.8%12개월기본 2.3%우대 시 2.3%24개월기본 2.3%우대 시 2.3%
",1,2.0
77,352,2712DEPOSITFSS,정기예금,ny_sb,단리,2.2,10만원 ~ 제한없음,1개월 ~ 24개월,"1개월 미만:0.1
1개월-3개월:0.3
3개월-6개월:-0.5
6개월-12개월:1.0
12개월 이상:1.5","
개월별 기본금리
6개월기본 1.7%우대 시 1.8%12개월기본 2%우대 시 2.1%24개월기본 2.1%우대 시 2.2%
",0,
78,358,2718DEPOSITFSS,정기예금,bulim_sb,단리,2.1,100만원 ~ 제한없음,1개월 ~ 24개월,"12개월 미만:0.5
12개월 이상:최초약정이율","
개월별 기본금리
6개월기본 1.6%우대 시 1.8%12개월기본 1.9%우대 시 2.1%24개월기본 1.9%우대 시 2.1%
",0,
79,364,2724DEPOSITFSS,정기예금,kiwoom_sb,단리,2.3,10만원 ~ 제한없음,1개월 ~ 24개월,"3개월 미만:0.3
3개월 이상:0.5
6개월 이상:1.0
12개월 이상:1.0","
개월별 기본금리
6개월기본 1.7%우대 시 1.7%12개월기본 2.2%우대 시 2.2%24개월기본 2.3%우대 시 2.3%
",0,
80,370,2730DEPOSITFSS,e-plus정기예금,kiwoom_sb,단리,2.4,10만원 ~ 제한없음,1개월 ~ 24개월,"3개월 미만:0.3
3개월 이상:0.5
6개월 이상:1.0
12개월 이상:1.0","
개월별 기본금리
6개월기본 1.75%우대 시 1.8%12개월기본 2.25%우대 시 2.3%24개월기본 2.35%우대 시 2.4%
",0,
81,376,2736DEPOSITFSS,정기예금,samjung_sb,단리,2.1,10만원 ~ 제한없음,1개월 ~ 24개월,"1개월 미만:0
3개월 미만:1.0
6개월 미만:1.2
1년 미만:1.2
1년 이상:1.5","
개월별 기본금리
6개월기본 1.8%우대 시 1.9%12개월기본 2%우대 시 2.1%24개월기본 2%우대 시 2.1%
",0,
82,382,2742DEPOSITFSS,복리정기예금,pt_sb,단리,1.9,제한없음,제한없음,,"
개월별 기본금리
6개월기본 1.7%우대 시 1.7%12개월기본 1.9%우대 시 1.9%24개월기본 1.9%우대 시 1.9%36개월기본 1.9%우대 시 1.9%
",0,
83,390,2750DEPOSITFSS,정기예금,anyang_sb,단리,2.3,10만원 ~ 제한없음,1개월 ~ 36개월,"1개월 이상:0.5
4개월-1년:1.0
1년 이상:1.5","
개월별 기본금리
6개월기본 1.8%우대 시 1.9%12개월기본 2.2%우대 시 2.3%24개월기본 2.2%우대 시 2.3%36개월기본 2.2%우대 시 2.3%
",0,
84,398,2758DEPOSITFSS,정기예금 단리,yj_sb,단리,2.1,10만원 ~ 제한없음,1개월 ~ 24개월,"1개월 미만:1.0
1개월-6개월:1.2
6개월-12개월:1.2
12개월 이상:1.5","
개월별 기본금리
6개월기본 1.8%우대 시 1.9%12개월기본 2%우대 시 2.1%24개월기본 2%우대 시 2.1%
",0,
85,404,2764DEPOSITFSS,정기예금,yc_sb,단리,2.2,10만원 ~ 제한없음,1개월 ~ 36개월,"3개월 미만:0.5
3개월-12개월:1.0
12개월 이상:1.5","
개월별 기본금리
6개월기본 1.6%우대 시 1.6%12개월기본 2.2%우대 시 2.2%24개월기본 2.2%우대 시 2.2%36개월기본 2.2%우대 시 2.2%
",0,
86,412,2772DEPOSITFSS,정기예금,seram_sb,단리,2.3,10만원 ~ 제한없음,1개월 ~ 36개월,"3개월 미만:0.5
6개월 미만:0.5
12개월 미만:0.5
24개월 미만:1.0
36개월 미만:1.5","
개월별 기본금리
6개월기본 1.8%우대 시 1.8%12개월기본 2.2%우대 시 2.2%24개월기본 2.3%우대 시 2.3%36개월기본 2.3%우대 시 2.3%
",0,
87,420,2782DEPOSITFSS,정기예금,pepper_sb,단리,2.35,10만원 ~ 제한없음,1개월 ~ 24개월,"1개월 미만:0.5
3개월 미만:0.6
6개월 미만:0.8
12개월 미만:1.0
12개월-24개월:1.2","
개월별 기본금리
6개월기본 1.5%우대 시 1.5%12개월기본 2.25%우대 시 2.25%24개월기본 2.35%우대 시 2.35%
",1,3.0
88,426,2788DEPOSITFSS,정기예금,gp_sb,단리,2.1,10만원 ~ 제한없음,1개월 ~ 24개월,"1개월 미만:0.5
1개월-3개월:0.7
3개월-12개월:1.0
12개월 이상:1.0","
개월별 기본금리
6개월기본 1.7%우대 시 1.7%12개월기본 2%우대 시 2%24개월기본 2.1%우대 시 2.1%36개월기본 1.9%우대 시 1.9%
",0,
89,434,2796DEPOSITFSS,한화가족사랑 정기예금,hanwha_sb,단리,1.9,10만원 ~ 제한없음,1개월 ~ 24개월,"6개월 미만1.0
6개월 이상:1.5","
개월별 기본금리
6개월기본 1.6%우대 시 1.6%12개월기본 1.9%우대 시 1.9%24개월기본 1.9%우대 시 1.9%
",0,
90,440,2802DEPOSITFSS,e뱅킹정기예금,hanwha_sb,단리,2.05,10만원 ~ 제한없음,1개월 ~ 24개월,"6개월 미만1.0
6개월 이상:1.5","
개월별 기본금리
6개월기본 1.6%우대 시 1.65%12개월기본 2%우대 시 2.05%24개월기본 2%우대 시 2.05%
",1,3.0
91,446,2808DEPOSITFSS,정기예금,gangwon_sb,단리,1.35,10만원 ~ 제한없음,3개월 ~ 36개월,"1개월 미만:0.1
1개월-6개월:0.5
6개월 이상:0.7
1년 이상:0.8","
개월별 기본금리
6개월기본 1.15%우대 시 1.15%12개월기본 1.35%우대 시 1.35%24개월기본 1.35%우대 시 1.35%36개월기본 1.35%우대 시 1.35%
",0,
92,454,2816DEPOSITFSS,정기예금,dm_sb,단리,8.0,10만원 ~ 제한없음,6개월 ~ 36개월,,"
개월별 기본금리
6개월기본 1.8%우대 시 1.8%12개월기본 2%우대 시 2%24개월기본 2%우대 시 2%36개월기본 2%우대 시 2%
",0,
93,462,2824DEPOSITFSS,행복플러스 정기예금,dm_sb,단리,2.1,10만원 ~ 제한없음,12개월 ~ 36개월,,"
개월별 기본금리
12개월기본 2.05%우대 시 2.1%24개월기본 2.05%우대 시 2.1%36개월기본 2.05%우대 시 2.1%
",0,
94,468,2830DEPOSITFSS,정기예금,aju_sb,단리,1.9,10만원 ~ 제한없음,1개월 ~ 60개월,경과기간에 따라 당행에서 정하는 중도해지이율,"
개월별 기본금리
6개월기본 1.6%우대 시 1.7%12개월기본 1.8%우대 시 1.9%24개월기본 1.8%우대 시 1.9%36개월기본 1.8%우대 시 1.9%
",1,4.0
95,476,2846DEPOSITFSS,정기예금,cheongju_sb,단리,2.4,10만원 ~ 제한없음,1개월 ~ 36개월,,"
개월별 기본금리
6개월기본 1.8%우대 시 1.9%12개월기본 2.3%우대 시 2.4%24개월기본 2.3%우대 시 2.4%36개월기본 2.3%우대 시 2.4%
",1,4.0
96,484,2854DEPOSITFSS,정기예금,hansung_sb,단리,2.1,10만원 ~ 제한없음,1개월 ~ 12개월,"3개월 미만:1.0
3개월-6개월:1.0
6개월-12개월:1.0","
개월별 기본금리
6개월기본 1.6%우대 시 1.7%12개월기본 2%우대 시 2.1%
",0,
97,488,2858DEPOSITFSS,정기예금,sj_sb,단리,2.3,10만원 ~ 제한없음,1개월 ~ 24개월,"1개월 미만:0.5
1개월-3개월:0.7
3개월 이상:1.0","
개월별 기본금리
6개월기본 1.7%우대 시 1.8%12개월기본 2.2%우대 시 2.3%24개월기본 2.2%우대 시 2.3%
",1,4.0
98,494,2864DEPOSITFSS,정기예금,asan_sb,단리,2.1,10만원 ~ 제한없음,1개월 ~ 36개월,,"
개월별 기본금리
6개월기본 1.7%우대 시 1.8%12개월기본 2%우대 시 2.1%24개월기본 2%우대 시 2.1%36개월기본 2%우대 시 2.1%
",1,3.0
99,502,2872DEPOSITFSS,정기예금,o2_sb,단리,2.3,10만원 ~ 제한없음,1개월 ~ 36개월,"1개월 미만:해지일의 보통예금 이율
3개월 미만:해지일의 보통예금 이율
3개월 이상:3개월 이상 약정이율의 60%","
개월별 기본금리
6개월기본 1.6%우대 시 1.7%12개월기본 2.2%우대 시 2.3%24개월기본 2.2%우대 시 2.3%36개월기본 2.2%우대 시 2.3%
",0,
100,510,2880DEPOSITFSS,정기예금,star_sb,단리,1.9,10만원 ~ 제한없음,1개월 ~ 24개월,,"
개월별 기본금리
6개월기본 1.5%우대 시 1.5%12개월기본 1.9%우대 시 1.9%24개월기본 1.5%우대 시 1.5%36개월기본 1.5%우대 시 1.5%
",0,
101,518,2888DEPOSITFSS,정기예금,daehan_sb,단리,2.3,10만원 ~ 제한없음,1개월 ~ 24개월,"6개월 미만:보통예금이율
24개월 미만:정기예금 1년 약정금리","
개월별 기본금리
6개월기본 1.8%우대 시 1.8%12개월기본 2.3%우대 시 2.3%24개월기본 2.3%우대 시 2.3%
",0,
102,524,2894DEPOSITFSS,정기예금,dy_sb,단리,2.45,10만원 ~ 제한없음,1개월 ~ 36개월,보통예금이율(1%) 적용,"
개월별 기본금리
6개월기본 1.8%우대 시 1.9%12개월기본 2.3%우대 시 2.4%24개월기본 2.35%우대 시 2.45%36개월기본 2.35%우대 시 2.45%
",0,
103,532,2910DEPOSITFSS,정기예금,double_sb,단리,2.5,10만원 ~ 제한없음,1개월 ~ 36개월,"6개월 미만:0.7
12개월 미만:1.0
12개월 이상:1.2","
개월별 기본금리
6개월기본 1.6%우대 시 1.7%12개월기본 2.38%우대 시 2.48%24개월기본 2.4%우대 시 2.5%36개월기본 2.4%우대 시 2.5%
",0,
104,540,2918DEPOSITFSS,정기예금,central_sb,단리,1.8,10만원 ~ 제한없음,1개월 ~ 12개월,"6개월 이상:1.3
6개월 미만:1.0","
개월별 기본금리
6개월기본 1.7%우대 시 1.7%12개월기본 1.8%우대 시 1.8%
",0,
105,544,2922DEPOSITFSS,정기예금,smart_sb,단리,2.35,10만원 ~ 제한없음,1개월 ~ 36개월,"3개월 미만:0.25
3개월-12개월:0.5
12개월-24개월:1.5","
개월별 기본금리
6개월기본 1.6%우대 시 1.6%12개월기본 2.2%우대 시 2.2%24개월기본 2.3%우대 시 2.3%36개월기본 2.35%우대 시 2.35%
",0,
106,552,2930DEPOSITFSS,e-정기예금,smart_sb,단리,2.45,10만원 ~ 제한없음,1개월 ~ 36개월,,"
개월별 기본금리
6개월기본 1.6%우대 시 1.6%12개월기본 2.3%우대 시 2.3%24개월기본 2.4%우대 시 2.4%36개월기본 2.45%우대 시 2.45%
",0,
107,560,2938DEPOSITFSS,정기예금,ki_sb,단리,2.3,10만원 ~ 제한없음,1개월 ~ 36개월,"3개월 미만:보통예금 금리
3개월 이상:약정금리 50%","
개월별 기본금리
6개월기본 1.5%우대 시 1.6%12개월기본 2.1%우대 시 2.2%24개월기본 2.2%우대 시 2.3%36개월기본 2.2%우대 시 2.3%
",0,
108,568,2946DEPOSITFSS,정기예금,gumi_sb,단리,2.38,10만원 ~ 제한없음,1개월 ~ 36개월,"1개월 미만:보통예금이율
1년 미만:0.5","
개월별 기본금리
6개월기본 1.6%우대 시 1.8%12개월기본 2.18%우대 시 2.38%24개월기본 2.18%우대 시 2.38%36개월기본 2.18%우대 시 2.38%
",1,3.0
109,575,2953DEPOSITFSS,정기예금,dream_sb,단리,2.3,10만원 ~ 제한없음,1개월 ~ 36개월,"1개월 미만:보통예금이율
1년 미만:약정이율 1/3
1년 이상:약정이율 1/2","
개월별 기본금리
6개월기본 1.6%우대 시 1.7%12개월기본 2%우대 시 2.1%24개월기본 2.2%우대 시 2.3%36개월기본 2.2%우대 시 2.3%
",1,4.0
110,583,2961DEPOSITFSS,정기예금,daea_sb,단리,1.7,제한없음,제한없음,,"
개월별 기본금리
6개월기본 1.1%우대 시 1.1%12개월기본 1.7%우대 시 1.7%24개월기본 1.5%우대 시 1.5%36개월기본 1.5%우대 시 1.5%
",0,
111,591,2969DEPOSITFSS,정기예금,samil_sb,단리,2.2,10만원 ~ 제한없음,1개월 ~ 120개월,"1개월 미만:0.2
1개월-1년:0.5
1년 이상:1.0","
개월별 기본금리
6개월기본 1.6%우대 시 1.6%12개월기본 2.2%우대 시 2.2%24개월기본 2.2%우대 시 2.2%36개월기본 2.2%우대 시 2.2%
",0,
112,599,2977DEPOSITFSS,정기예금,charm_sb,단리,2.0,10만원 ~ 제한없음,1개월 ~ 24개월,"1개월 미만:0.25
6개월 미만:약정이율의 30%
12개월 미만:약정이율의 40%
12개월 이상:약정이율의 50%","
개월별 기본금리
6개월기본 2%우대 시 2%12개월기본 2.4%우대 시 2.4%24개월기본 2.6%우대 시 2.6%
",0,
113,611,2989DEPOSITFSS,정기예금,osung_sb,단리,1.84,10만원 ~ 제한없음,1개월 ~ 36개월,"3개월 미만:0.3
6개월 미만:0.6
12개월 미만:0.8
12개월 이상:1.0","
개월별 기본금리
6개월기본 1.4%우대 시 1.4%12개월기본 1.84%우대 시 1.84%24개월기본 1.84%우대 시 1.84%36개월기본 1.84%우대 시 1.84%
",0,
114,615,2993DEPOSITFSS,정기예금,daewon_sb,단리,5.0,10만원 ~ 제한없음,1개월 ~ 36개월,,"
개월별 기본금리
6개월기본 1.5%우대 시 1.5%12개월기본 2%우대 시 2%24개월기본 1.8%우대 시 1.8%36개월기본 1.8%우대 시 1.8%
",0,
115,623,3001DEPOSITFSS,정기예금,snt_sb,단리,2.15,10만원 ~ 제한없음,1개월 ~ 24개월,"1개월 미만:보통예금이율
2개얼 미만:0.7
2개월 이상:가입당시 실예치기간 약정금리 50%","
개월별 기본금리
6개월기본 1.69%우대 시 1.69%12개월기본 2.1%우대 시 2.1%24개월기본 2.15%우대 시 2.15%36개월기본 1.68%우대 시 1.68%
",0,
116,624,3002DEPOSITFSS,정기예금(복리),snt_sb,복리,7.0,10만원 ~ 제한없음,1개월 ~ 24개월,"1개월 미만:보통예금이율
2개얼 미만:0.7
2개월 이상:가입당시 실예치기간 약정금리 50%","
개월별 기본금리
6개월기본 1.7%우대 시 1.7%12개월기본 1.92%우대 시 1.92%24개월기본 2%우대 시 2%36개월기본 1.7%우대 시 1.7%
",0,
117,631,3009DEPOSITFSS,정기예금,soulbrain_sb,단리,2.1,10만원 ~ 제한없음,1개월 ~ 24개월,"6개월 미만:0.5
6개월 이상:1.0
12개월 이상:1.5","
개월별 기본금리
6개월기본 1.6%우대 시 1.6%12개월기본 2.1%우대 시 2.1%24개월기본 2.1%우대 시 2.1%
",0,
118,637,3015DEPOSITFSS,정기예금,ji_sb,단리,2.3,제한없음,제한없음,"6개월미만:0.5
6개월이상:1.0
12개월이상:1.5","
개월별 기본금리
6개월기본 1.6%우대 시 1.6%12개월기본 2.3%우대 시 2.3%24개월기본 2.3%우대 시 2.3%
",0,
119,643,3021DEPOSITFSS,정기예금,ch_sb,단리,2.0,제한없음,제한없음,"1개월 미만:0.1
1개월-3개월:0.5
6개월 미만:1.0
6개월-1년:1.3
24개월 미만:1.7
36개월 미만:1.7","
개월별 기본금리
6개월기본 2%우대 시 2%12개월기본 2.18%우대 시 2.18%24개월기본 2.22%우대 시 2.22%36개월기본 2.22%우대 시 2.22%
",0,
120,651,3029DEPOSITFSS,정기예금 단리식,jinju_sb,단리,1.9,10만원 ~ 제한없음,1개월 ~ 24개월,신규일부터 해약일 전일까지 해당기간 이율의 1/3,"
개월별 기본금리
6개월기본 1.69%우대 시 1.69%12개월기본 1.8%우대 시 1.8%24개월기본 1.9%우대 시 1.9%
",0,
121,654,3032DEPOSITFSS,정기예금 복리식,jinju_sb,복리,1.93,10만원 ~ 제한없음,1개월 ~ 24개월,신규일부터 해약일 전일까지 해당기간 이율의 1/3,"
개월별 기본금리
6개월기본 1.7%우대 시 1.7%12개월기본 1.81%우대 시 1.81%24개월기본 1.93%우대 시 1.93%
",0,
122,657,3035DEPOSITFSS,e-파워정기예금,kb,단리,1.5,100만원 ~ 제한없음,1개월 ~ 12개월,"1개월 미만:연0.1%
1개월-3개월:기본이율50%*경과월수/12개월(최저금리 연0.3%)
3개월이상:기본이율50%*경과월수/12개월(최저금리 연0.5%)","
개월별 기본금리
6개월기본 1.1%우대 시 1.4%12개월기본 1.2%우대 시 1.5%
",2,3.5
123,659,3037DEPOSITFSS,KB Smart★폰 예금,kb,단리,1.8,"100만원 ~ 3,000만원",1개월 ~ 12개월,"1개월 미만:연0.1%
1개월-3개월:기본이율50%*경과월수/12개월(최저금리 연0.3%)
3개월이상:기본이율50%*경과월수/12개월(최저금리 연0.5%)","
개월별 기본금리
6개월기본 1.1%우대 시 1.7%12개월기본 1.2%우대 시 1.8%
",0,
124,661,3039DEPOSITFSS,KB골든라이프연금우대예금,kb,복리,1.4,"1,000만원 ~ 제한없음",12개월 ~ 120개월,"1개월 미만:연0.1%
1개월-3개월:기본이율50%*경과월수/12개월(최저금리 연0.3%)
3개월이상:기본이율50%*경과월수/12개월(최저금리 연0.5%)","
개월별 기본금리
12개월기본 1.2%우대 시 1.4%
",0,
125,662,3040DEPOSITFSS,KB창조금융예금,kb,단리,1.3,"100만원 ~ 3,000만원",6개월 ~ 12개월,"1개월 미만:연0.1%
1개월-3개월:기본이율50%*경과월수/12개월(최저금리 연0.3%)
3개월이상:기본이율50%*경과월수/12개월(최저금리 연0.5%)","
개월별 기본금리
6개월기본 1.15%우대 시 1.25%12개월기본 1.2%우대 시 1.3%
",0,
126,664,3042DEPOSITFSS,정기예금,yegaram_sb,단리,2.3,제한없음,1개월 ~ 36개월,"1년 미만:1.0
1년 이상:1.3
2년 이상:1.5","
개월별 기본금리
6개월기본 1.7%우대 시 1.8%12개월기본 2.2%우대 시 2.3%24개월기본 2.2%우대 시 2.3%36개월기본 2.2%우대 시 2.3%
",0,
127,672,3053DEPOSITFSS,미래설계 크레바스 연금예금,shinhan,단리,1.35,300만원 ~ 제한없음,12개월 ~ 60개월,"1개월 이상:0.25
3개월 이상:0.5~0.59
41개월 이상:0.6~0.69
47개월 이상:0.7~0.79
55개월 이상:0.8~0.875","
개월별 기본금리
12개월기본 1.15%우대 시 1.15%24개월기본 1.2%우대 시 1.2%36개월기본 1.35%우대 시 1.35%
",0,
128,675,3056DEPOSITFSS,신한 월복리 정기예금,shinhan,복리,1.61,"300만원 ~ 3,000만원",12개월 ~ 36개월,"1개월 이상:0.25
3개월 이상:0.5~0.59
27개월 이상:0.6~0.69
32개월 이상:0.7~0.79","
개월별 기본금리
12개월기본 1.47%우대 시 1.57%24개월기본 1.49%우대 시 1.59%36개월기본 1.51%우대 시 1.61%
",0,
129,678,3059DEPOSITFSS,U드림 정기예금(온라인전용),shinhan,단리,2.09,50만원 ~ 제한없음,1개월 ~ 36개월,"1개월 이상:0.25
3개월 이상:0.5~0.59
29개월 이상:0.6~0.69
34개월 이상:0.7~0.75","
개월별 기본금리
6개월기본 1.52%우대 시 1.82%12개월기본 1.58%우대 시 1.88%24개월기본 1.7%우대 시 2%36개월기본 1.79%우대 시 2.09%
",0,
130,682,3063DEPOSITFSS,"신한 스마트 정기예금
(스마트폰 전용)",shinhan,단리,1.83,"50만원 ~ 3,000만원",3개월 ~ 12개월,"1개월 이상:0.25
3개월 이상:0.5~0.59
12개월 이상:0.65","
개월별 기본금리
6개월기본 1.77%우대 시 1.77%12개월기본 1.83%우대 시 1.83%
",3,3.3
131,684,3065DEPOSITFSS,신한 S드림 정기예금,shinhan,단리,1.0,50만원 ~ 제한없음,1개월 ~ 60개월,"1개월 이상:0.25
3개월 이상:0.5~0.59
43개월 이상:0.6~0.69
50개월 이상:0.7~0.79
57개월 이상:0.8~0.85","
개월별 기본금리
6개월기본 1%우대 시 1%12개월기본 1.1%우대 시 1.1%24개월기본 1.15%우대 시 1.15%36개월기본 1.25%우대 시 1.25%
",0,
132,688,3069DEPOSITFSS,정기예금,jt_sb,단리,1.9,10만원 ~ 제한없음,1개월 ~ 36개월,"3개월 미만:0.5
3개월 이상:실 예치기간 약정이율 1/2","
개월별 기본금리
6개월기본 1.2%우대 시 1.2%12개월기본 1.8%우대 시 1.8%24개월기본 1.9%우대 시 1.9%36개월기본 1.9%우대 시 1.9%
",0,
133,696,3077DEPOSITFSS,정기예금,samho_sb,단리,1.9,100만원 ~ 제한없음,1개월 ~ 36개월,"3개월 미만:1.0
6개월 미만:1.3
12개월 미만:1.5
12개월 이상:1.8","
개월별 기본금리
6개월기본 1.7%우대 시 1.7%12개월기본 1.9%우대 시 1.9%24개월기본 1.9%우대 시 1.9%36개월기본 1.9%우대 시 1.9%
",0,
134,704,3085DEPOSITFSS,정기예금,nh_sb,단리,2.1,100만원 ~ 제한없음,1개월 ~ 24개월,"3개월 미만:0.5
3개월-6개월:1.0
6개월 이상:1.5","
개월별 기본금리
6개월기본 1.5%우대 시 1.6%12개월기본 1.9%우대 시 2%24개월기본 2%우대 시 2.1%36개월기본 2%우대 시 2.1%
",0,
135,712,3093DEPOSITFSS,정기예금,daishin_sb,단리,2.2,10만원 ~ 제한없음,3개월 ~ 36개월,"3개월 미만:보통예금이율
12개월 미만:1.0
12개월 이상:1.5","
개월별 기본금리
6개월기본 1.6%우대 시 1.7%12개월기본 2%우대 시 2.1%24개월기본 2%우대 시 2.1%36개월기본 2.1%우대 시 2.2%
",1,4.0
136,720,3101DEPOSITFSS,참기특한IBK저축은행정기예금,ibk_sb,단리,2.1,10만원 ~ 제한없음,1개월 ~ 24개월,"3개월 미만:0.6
3개월-6개월:0.7
6개월-12개월:0.75
12개월 이상:0.85","
개월별 기본금리
6개월기본 1.7%우대 시 1.7%12개월기본 2.1%우대 시 2.1%24개월기본 2.1%우대 시 2.1%
",0,
137,726,3107DEPOSITFSS,정기예금,bnk_sb,단리,2.2,10만원 ~ 제한없음,1개월 ~ 24개월,"1개월 미만:0.2
3개월 미만:0.2
6개월 미만:0.5
12개월 미만:1.0
12개월 이상:1.0","
개월별 기본금리
6개월기본 1.5%우대 시 1.6%12개월기본 2.1%우대 시 2.2%24개월기본 2.1%우대 시 2.2%
",0,
138,732,3113DEPOSITFSS,정기예금,kb_sb,단리,2.1,100만원 ~ 제한없음,1개월 ~ 36개월,"1개월 미만:.0.1
1개월-3개월:0.5
3개월-12개월:1.0
12개월 이상:1.5","
개월별 기본금리
6개월기본 1.6%우대 시 1.7%12개월기본 1.9%우대 시 2%24개월기본 2%우대 시 2.1%36개월기본 2%우대 시 2.1%
",0,
139,740,3121DEPOSITFSS,KB e-plus 정기예금,kb_sb,단리,2.1,100만원 ~ 제한없음,1개월 ~ 36개월,"1개월 미만:.0.1
1개월-3개월:0.5
3개월-12개월:1.0
12개월 이상:1.5","
개월별 기본금리
6개월기본 1.7%우대 시 1.7%12개월기본 2%우대 시 2%24개월기본 2.1%우대 시 2.1%36개월기본 2.1%우대 시 2.1%
",0,
140,748,3129DEPOSITFSS,정기예금,hana_sb,단리,2.15,10만원 ~ 제한없음,1개월 ~ 36개월,"3개월 미만:0.5
6개월 미만:1.0
6개월 이상:1.5","
개월별 기본금리
6개월기본 2%우대 시 2.05%12개월기본 2.1%우대 시 2.15%24개월기본 2.1%우대 시 2.15%36개월기본 2.1%우대 시 2.15%
",0,
141,756,3137DEPOSITFSS,e-금리우대 예금,nh,단리,2.2,"300만원 ~ 30,000만",12개월,"1개월 미만:0.1
3개월 미만:0.15
6개월 미만:약정금리 20%
9개월 미만:약정금리 ","
개월별 기본금리
12개월기본 1.71%우대 시 2.11%24개월기본 1.75%우대 시 2.15%36개월기본 1.8%우대 시 2.2%
",0,
142,758,3139DEPOSITFSS,NH왈츠회전예금 II,nh,단리,1.98,300만원 ~ 제한없음,12개월 ~ 36개월,"1개월 미만:0.1
3개월 미만:0.15
6개월 미만:기준금리*20%
9개월 미만:기준금리*30%
12개월 미만:기준금리*40%
18개월 미만:기준금리*45%
24개월 미만:기준금리*50%
30개월 미만:기준금리*55%
36개월 미만:기준금리*60%","
개월별 기본금리
6개월기본 1.5%우대 시 1.9%12개월기본 1.58%우대 시 1.98%
",0,
143,760,3141DEPOSITFSS,법사랑플러스(채움정기예금),nh,단리,2.15,100만원 ~ 제한없음,1개월 ~ 36개월,"1개월 미만:0.1
3개월 미만:0.15
3개월-1년:기본금리*경과기간별 적용율
1년 이상:약정금리40%","
개월별 기본금리
6개월기본 1.58%우대 시 1.98%12개월기본 1.66%우대 시 2.06%24개월기본 1.7%우대 시 2.1%36개월기본 1.75%우대 시 2.15%
",0,
144,765,3146DEPOSITFSS,내생애아름다운예금(채움정기예금),nh,단리,1.92,"100만원 ~ 50,000만",12개월 ~ 36개월,"1개월 미만:0.1
3개월 미만:0.15
6개월 미만:중도해지 기준금리 20%
9개월 미만:중도해지 기준금리 30%
12개월 미만:중도해지 기준금리 40% ","
개월별 기본금리
12개월기본 1.49%우대 시 1.89%24개월기본 1.51%우대 시 1.91%36개월기본 1.52%우대 시 1.92%
",0,
145,768,3149DEPOSITFSS,NH통일대박정기예금,nh,단리,1.9,"100만원 ~ 50,000만",12개월 ~ 36개월,"1개월 미만:0.1
3개월 미만:0.15
3개월-3년:점장금리*경과기간별 적용률","
개월별 기본금리
12개월기본 1.4%우대 시 1.8%24개월기본 1.45%우대 시 1.85%36개월기본 1.5%우대 시 1.9%
",0,
146,771,3152DEPOSITFSS,NH All100플랜연금예금,nh,단리,2.13,0만원,제한없음 ~ 120개월,"1개월 미만:0.1
3개월 미만:0.15
3개월-1년:점장금리*경과기간별 적용률
1년 이상:국고채1년물 금리","
개월별 기본금리
12개월기본 1.53%우대 시 2.03%24개월기본 1.58%우대 시 2.08%36개월기본 1.63%우대 시 2.13%
",0,
147,774,3155DEPOSITFSS,더나은미래예금,nh,단리,2.02,100만원 ~ 제한없음,12개월 ~ 36개월,"1개월 미만:0.1
3개월 미만:0.15
6개월 미만:고시금리 20%
9개월 미만:고시금리 30%
12개월 미만:고시금리 40%","
개월별 기본금리
12개월기본 1.49%우대 시 1.99%24개월기본 1.51%우대 시 2.01%36개월기본 1.52%우대 시 2.02%
",0,
148,777,3158DEPOSITFSS,정기예금,jtchinae_sb,단리,2.4,10만원 ~ 제한없음,2개월 ~ 120개월,보통예금 금리,"
개월별 기본금리
6개월기본 1.3%우대 시 1.3%12개월기본 2.2%우대 시 2.2%24개월기본 2.3%우대 시 2.3%36개월기본 2.4%우대 시 2.4%
",1,4.0
149,785,3166DEPOSITFSS,정기예금,shinhan_sb,단리,7.0,10만원 ~ 제한없음,3개월 ~ 24개월,"3개월 미만:0.2
3개월-6개월:0.5
6개월 이상:1.0","
개월별 기본금리
6개월기본 1.6%우대 시 1.7%12개월기본 1.9%우대 시 2%24개월기본 1.9%우대 시 2%
",0,
150,791,3172DEPOSITFSS,정기예금,welcome_sb,단리,5.0,10만원 ~ 제한없음,1개월 ~ 36개월,"6개월 미만:1.0
6개월 이상:1.5","
개월별 기본금리
6개월기본 1.5%우대 시 1.5%12개월기본 1.8%우대 시 1.8%24개월기본 1.9%우대 시 1.9%36개월기본 2%우대 시 2%
",0,
151,799,3180DEPOSITFSS,Welcome 릴레이정기예금,welcome_sb,단리,2.1,10만원 ~ 제한없음,12개월 ~ 24개월,"6개월 미만:1.0
6개월 이상:1.5","
개월별 기본금리
12개월기본 1.8%우대 시 1.9%24개월기본 1.9%우대 시 2%36개월기본 2%우대 시 2.1%
",0,
152,803,3184DEPOSITFSS,e-정기예금,welcome_sb,단리,2.1,10만원 ~ 제한없음,1개월 ~ 36개월,"6개월 미만:1.0
6개월 이상:1.5","
개월별 기본금리
6개월기본 1.5%우대 시 1.5%12개월기본 1.9%우대 시 1.9%24개월기본 2%우대 시 2%36개월기본 2.1%우대 시 2.1%
",0,
153,811,3192DEPOSITFSS,m-정기예금,welcome_sb,단리,2.2,10만원 ~ 제한없음,1개월 ~ 36개월,"6개월 미만:1.0
6개월 이상:1.5","
개월별 기본금리
6개월기본 1.5%우대 시 1.5%12개월기본 2%우대 시 2%24개월기본 2.1%우대 시 2.1%36개월기본 2.2%우대 시 2.2%
",0,
154,821,3202DEPOSITFSS,정기예금,ok_sb,단리,2.4,10만원 ~ 제한없음,1개월 ~ 36개월,"1개월 미만:0.5
3개월 미만:0.7
6개월 미만:1.0
12개월 미만:1.5
12개월 이상:1.7","
개월별 기본금리
6개월기본 1.6%우대 시 1.7%12개월기본 2.1%우대 시 2.2%24개월기본 2.2%우대 시 2.3%36개월기본 2.3%우대 시 2.4%
",2,4.0
155,829,3210DEPOSITFSS,행복Together정기예금,kebhana,단리,1.4,"100만원 ~ 5,000만원",12개월,"1개월 미만:0.2(법인0.1)
1개얼-3개월:0.5
3개월-6개월:1.0","
개월별 기본금리
12개월기본 1.1%우대 시 1.4%
",2,3.5
156,830,3211DEPOSITFSS,e-플러스정기예금,kebhana,단리,1.6,1만원 ~ 제한없음,1개월 ~ 36개월,"1개월 미만:0.2(법인0.1)
1개얼-3개월:0.5
3개월-6개월:1.0","
개월별 기본금리
6개월기본 1.3%우대 시 1.3%12개월기본 1.4%우대 시 1.4%24개월기본 1.5%우대 시 1.5%36개월기본 1.6%우대 시 1.6%
",0,
157,834,3215DEPOSITFSS,e-파트너정기예금(구 외환은행),kebhana,단리,1.75,100만원 ~ 제한없음,1개월 ~ 36개월,"1개월 미만:0.1
3개월 미만:1.0
3개월 이상:1.0+(기본이율50%*경과기간별 인정율)","
개월별 기본금리
6개월기본 1.45%우대 시 1.45%12개월기본 1.55%우대 시 1.55%24개월기본 1.65%우대 시 1.65%36개월기본 1.75%우대 시 1.75%
",0,
158,838,3219DEPOSITFSS,"가을야구
정기예금",bnkbs,단리,1.6,100만원 ~ 제한없음,12개월,"가입일 당시 기준금리 * 경과월수/계약월수 * 50%
","
개월별 기본금리
12개월기본 1.3%우대 시 1.6%
",0,
159,839,3220DEPOSITFSS,회전정기예금,pepper_sb,단리,2.35,10만원 ~ 제한없음,24개월 ~ 60개월,"중도해지이율(세전):
- 1개월 미만 : 연 0.5%
- 3개월 미만 : 연 0.6%
- 6개월 미만 : 연 0.8%
- 12개월 미만 : 연 1.0%","
개월별 기본금리
12개월기본 2.35%우대 시 2.35%
",0,
160,857,3238DEPOSITFSS,신한 플러스 월복리 정기예금,shinhan,복리,1.9,"300만원 ~ 3,000만원",12개월 ~ 36개월,"1개월 이상:0.25
3개월 이상:0.5~0.59
29개월 이상:0.6~0.69
34개월 이상:0.7~0.79","
개월별 기본금리
12개월기본 1.44%우대 시 1.64%24개월기본 1.6%우대 시 1.8%36개월기본 1.7%우대 시 1.9%
",0,
161,860,3241DEPOSITFSS,가족행복정기예금,union_sb,단리,2.3,10만원 ~ 제한없음,12개월,"3개월 이하:0.2
3개월-6개월:0.5
6개월 초과:1.0","
개월별 기본금리
12개월기본 2.3%우대 시 2.3%
",0,
162,862,3243DEPOSITFSS,정기예금,jinju_sb,단리,2.09,10만원 ~ 제한없음,1개월 ~ 24개월,신규일부터 해약일 전일까지 해당기간 이율의 1/3,"
개월별 기본금리
6개월기본 2.09%우대 시 2.09%12개월기본 1.8%우대 시 1.8%24개월기본 1.9%우대 시 1.9%
",0,
163,868,3249DEPOSITFSS,최강삼성V9 예금,dgb,단리,1.41,"10만원 ~ 5,000만원",12개월,"1개월 미만:0.1
1개월 이상:약정이자율20%
3개월 이상:약정이자율30%
6개월 이상:약정이자율40%
1년 이상:약정이자율50%","
개월별 기본금리
12개월기본 1.16%우대 시 1.41%
",0,
164,869,3250DEPOSITFSS,ISA플러스 예금,dgb,단리,1.56,"100만원 ~ 5,000만원",12개월,"1개월 미만:0.1
1개월 이상:약정이자율20%
3개월 이상:약정이자율30%
6개월 이상:약정이자율40%
1년 이상:약정이자율50%","
개월별 기본금리
12개월기본 1.16%우대 시 1.56%
",0,
165,870,3251DEPOSITFSS,e-정기예금,choeun_sb,단리,2.6,10만원 ~ 제한없음,6개월 ~ 36개월,"6개월 미만:0.5
6-12개월:1.0
12개월 이상:1.5","
개월별 기본금리
6개월기본 1.9%우대 시 1.9%12개월기본 2.2%우대 시 2.2%24개월기본 2.5%우대 시 2.5%36개월기본 2.6%우대 시 2.6%
",0,
166,878,3259DEPOSITFSS,"MY SUM
정기예금",bnkbs,단리,2.0,"100만원 ~ 3,000만원",1개월 ~ 12개월,가입일 당시 기준금리 * 경과월수/계약월수 * 50%,"
개월별 기본금리
6개월기본 1.5%우대 시 2%12개월기본 1.7%우대 시 2.2%
",0,
167,880,3261DEPOSITFSS,행복knowhow 연금예금,kebhana,단리,1.4,100만원 ~ 제한없음,12개월 ~ 372개월,"1개월 미만 : 0.2%
1개월 ~ 3개월 : 0.5%
3개월 ~ 12개월 : 1.0%
12개월 이상 : 2.0%","
개월별 기본금리
12개월기본 1.2%우대 시 1.2%24개월기본 1.3%우대 시 1.3%36개월기본 1.4%우대 시 1.4%
",0,
168,889,3270DEPOSITFSS,스마트정기예금,daishin_sb,단리,2.3,제한없음,제한없음,,"
개월별 기본금리
6개월기본 1.8%우대 시 1.8%12개월기본 2.1%우대 시 2.1%24개월기본 2.2%우대 시 2.2%36개월기본 2.3%우대 시 2.3%
",0,
169,897,3278DEPOSITFSS,정기예금(특판),yegaram_sb,단리,2.3,제한없음,제한없음,,"
개월별 기본금리
12개월기본 2.3%우대 시 2.3%
",0,
170,899,3280DEPOSITFSS,한화가족사랑정기예금,hanwha_sb,단리,2.2,제한없음,제한없음,"6개월 미만 0.2%, 6개월 이상 0.5%, 12개월 초과 1.0%","
개월별 기본금리
6개월기본 1.6%우대 시 1.6%12개월기본 2.2%우대 시 2.2%24개월기본 2.2%우대 시 2.2%
",0,
171,905,3286DEPOSITFSS,e-정기예금,yegaram_sb,단리,2.3,제한없음,제한없음,,"
개월별 기본금리
6개월기본 1.8%우대 시 1.8%12개월기본 2.3%우대 시 2.3%24개월기본 2.3%우대 시 2.3%36개월기본 2.3%우대 시 2.3%
",0,
172,919,3300DEPOSITFSS,BNK어울림,bnkbs,단리,1.3,제한없음,제한없음,,"
개월별 기본금리
12개월기본 1.1%우대 시 1.1%24개월기본 1.2%우대 시 1.2%36개월기본 1.3%우대 시 1.3%
",0,
173,922,3303DEPOSITFSS,OK안심정기예금,ok_sb,단리,2.1,제한없음,제한없음,,"
개월별 기본금리
12개월기본 2.1%우대 시 2.1%
",0,
174,924,3305DEPOSITFSS,두리하나 정기예금,kebhana,단리,1.3,제한없음,제한없음,,"
개월별 기본금리
12개월기본 1.3%우대 시 1.3%
",0,
175,928,3309DEPOSITFSS,정기예금 복리식,ms_sb,복리,2.27,제한없음,제한없음,,"
개월별 기본금리
6개월기본 1.71%우대 시 1.71%12개월기본 1.91%우대 시 1.91%24개월기본 2.24%우대 시 2.24%36개월기본 2.27%우대 시 2.27%
",0,
176,934,3315DEPOSITFSS,e-정기예금,ok_sb,단리,2.3,제한없음,제한없음,,"
개월별 기본금리
6개월기본 1.7%우대 시 1.7%12개월기본 2.2%우대 시 2.2%24개월기본 2.3%우대 시 2.3%
",0,
177,940,3321DEPOSITFSS,OK e-안심정기예금,ok_sb,복리,2.37,제한없음,제한없음,,"
개월별 기본금리
36개월기본 2.37%우대 시 2.37%
",0,
178,941,3322DEPOSITFSS,미즈월복리정기예금,gwangju,복리,1.61,제한없음,제한없음,,"
개월별 기본금리
12개월기본 1.51%우대 시 1.51%24개월기본 1.61%우대 시 1.61%36개월기본 1.5%우대 시 1.5%
",0,
179,944,3325DEPOSITFSS,평생대박정기예금,gwangju,단리,1.41,제한없음,제한없음,,"
개월별 기본금리
12개월기본 1.31%우대 시 1.31%24개월기본 1.41%우대 시 1.41%36개월기본 1.3%우대 시 1.3%
",0,
180,947,3328DEPOSITFSS,"전북아이나라예금
(월이자지급식)",jbb,단리,1.45,제한없음,제한없음,,"
개월별 기본금리
24개월기본 1.45%우대 시 1.45%
",0,
181,948,3329DEPOSITFSS,"전북아이나라예금
(만기일시지급식)",jbb,단리,1.55,제한없음,제한없음,,"
개월별 기본금리
24개월기본 1.55%우대 시 1.55%
",0,
182,949,3330DEPOSITFSS,"실버보금자리예금
(월이자지급식)",jbb,단리,1.25,제한없음,제한없음,,"
개월별 기본금리
12개월기본 1.25%우대 시 1.25%
",0,
183,950,3331DEPOSITFSS,"실버보금자리예금
(만기일시지급식)",jbb,단리,1.35,제한없음,제한없음,,"
개월별 기본금리
12개월기본 1.35%우대 시 1.35%
",0,
184,951,3332DEPOSITFSS,"다이아몬드
정기예금",bnkgn,단리,1.3,제한없음,제한없음,,"
개월별 기본금리
6개월기본 1.05%우대 시 1.05%12개월기본 1.25%우대 시 1.25%24개월기본 1.3%우대 시 1.3%
",0,
185,954,3335DEPOSITFSS,"BNK사랑방
정기예금",bnkgn,단리,1.25,제한없음,제한없음,,"
개월별 기본금리
12개월기본 1.25%우대 시 1.25%
",0,
186,956,3337DEPOSITFSS,정기예금,kdb,단리,1.08,제한없음,제한없음,,"
개월별 기본금리
6개월기본 0.85%우대 시 0.85%12개월기본 0.9%우대 시 0.9%24개월기본 0.99%우대 시 0.99%36개월기본 1.08%우대 시 1.08%
",0,
187,960,3341DEPOSITFSS,CD연동장기정기예금,osb_sb,단리,2.4,제한없음,제한없음,,"
개월별 기본금리
24개월기본 2.3%우대 시 2.3%36개월기본 2.4%우대 시 2.4%
",0,
188,962,3343DEPOSITFSS,자유적립예금,anyang_sb,단리,2.2,제한없음,제한없음,,"
개월별 기본금리
6개월기본 1.8%우대 시 1.8%12개월기본 2.2%우대 시 2.2%24개월기본 2.2%우대 시 2.2%36개월기본 2.2%우대 시 2.2%
",0,
189,972,3353DEPOSITFSS,이웃사랑정기예금,asan_sb,단리,2.1,제한없음,제한없음,,"
개월별 기본금리
6개월기본 1.8%우대 시 1.8%12개월기본 2.1%우대 시 2.1%24개월기본 2.1%우대 시 2.1%36개월기본 2.1%우대 시 2.1%
",0,
190,980,3361DEPOSITFSS,e-PLAN 인터넷정기예금,ki_sb,단리,2.3,제한없음,제한없음,,"
개월별 기본금리
6개월기본 1.6%우대 시 1.6%12개월기본 2.2%우대 시 2.2%24개월기본 2.3%우대 시 2.3%36개월기본 2.3%우대 시 2.3%
",0,
191,991,3372DEPOSITFSS,국민수퍼고정금리형-만기일시지급식,kb,단리,1.2,제한없음,제한없음,,"
개월별 기본금리
6개월기본 0.9%우대 시 0.9%12개월기본 1%우대 시 1%24개월기본 1%우대 시 1%36개월기본 1.2%우대 시 1.2%
",0,
192,995,3376DEPOSITFSS,KB주니어라이프증여예금,kb,복리,1.2,제한없음,제한없음,,"
개월별 기본금리
12개월기본 1.2%우대 시 1.2%
",0,
193,996,3377DEPOSITFSS,신한 S드림 정기예금(온라인전용),shinhan,단리,1.94,제한없음,제한없음,,"
개월별 기본금리
6개월기본 1.67%우대 시 1.67%12개월기본 1.73%우대 시 1.73%24개월기본 1.85%우대 시 1.85%36개월기본 1.94%우대 시 1.94%
",0,
194,1002,3383DEPOSITFSS,쏠쏠한마이쿨예금,gwangju,단리,1.75,제한없음,제한없음,,"
개월별 기본금리
12개월기본 1.75%우대 시 1.75%
",0,
195,1003,3384DEPOSITFSS,"신한 두근두근 커플 정기예금
(스마트폰 전용)",shinhan,단리,1.68,제한없음,제한없음,,"
개월별 기본금리
12개월기본 1.68%우대 시 1.68%
",0,
196,1004,3385DEPOSITFSS,(e)-정기예금,kuemhwa_sb,단리,2.4,제한없음,제한없음,,"
개월별 기본금리
6개월기본 1.9%우대 시 1.9%12개월기본 2.2%우대 시 2.2%24개월기본 2.4%우대 시 2.4%36개월기본 2.4%우대 시 2.4%
",0,
197,1012,3393DEPOSITFSS,i-ONE놀이터예금,ibk,단리,1.3,제한없음,제한없음,,"
개월별 기본금리
6개월기본 1.25%우대 시 1.25%12개월기본 1.3%우대 시 1.3%
",0,
198,1016,3397DEPOSITFSS,투유더정기예금,bnkgn,단리,1.45,제한없음,제한없음,,"
개월별 기본금리
6개월기본 1.15%우대 시 1.15%12개월기본 1.35%우대 시 1.35%24개월기본 1.45%우대 시 1.45%
",0,
