,productname,company,idandtype,review_counts,reviewid,date,total_rating,interest_sat,online_sat,prof_sat,service_sat,review
0,연리지적금(자유적립식),bnkbs,124DEPOSIT,1,11481,2016. 04. 19.,3.25,4,3,3,3,연 2.31 제공하는 게 가장 큰 메리트인 것 같습니다. 같은 상품 정기적립식은 1.5%이더라구요. 여기에서 자동이체나 종이통장 미발행을 선택하면 추가로 우대이율을 주니 부산에 사시는 분들이라면 꼭 참고하세요. 
1,BNK참 잘했어요! 적금,bnkbs,131DEPOSIT,1,11482,2016. 04. 19.,3.25,3,4,3,3,"스마트폰 어플을 통해 적금을 불입할 수 있어 편합니다. 그리고 부모와 자녀가 서로에게 칭찬스티커를 보내는 것으 처음엔 어색했지만, 재밌게 적금을 넣을 수 있는 방법인 것 같습니다. 그리고 어플안내를 도와준 창구 직원분도 친절했습니다! "
2,BNK MySmart 적금,bnkbs,138DEPOSIT,1,11483,2016. 04. 13.,3.75,4,4,3,4,단기간으로 가입하기엔 좋음
3,우리 꿈 적금 (자유적립식),woori,13DEPOSIT,5,11312,2016. 04. 13.,2.5,2,2,3,3,"예적금을 모바일에서 가입하기 편하게 해놨어요. 바빠서 은행을 자주못가는 저한텐 참 고마운점이예요 하지만, 급여통장이 있는데도 이체수수료가 월 7~10회만 무료이고 그 후엔 내야해서 안 좋아요"
4,우리 꿈 적금 (자유적립식),woori,13DEPOSIT,5,11313,2016. 04. 13.,4.0,4,4,4,4,"인터넷가입시 우대금리를 0.6%를 받을 수 있음. 친구랑 서로 등록해서 0.2% 추가 금리 받았음 하지만, 가입한지 얼마되지 않아 아직 특별한 단점 모르겠음"
5,우리 꿈 적금 (자유적립식),woori,13DEPOSIT,5,11314,2016. 04. 13.,3.0,2,4,3,3,"우리꿈적금은 우선 우리은행의 머핀으로 금리우대쿠폰교환이가능하다 머핀은 출석,게임 등 누구나 쉽게 얻을수있는 것이라 비교적 금리우대받는 게 쉽다고 볼 수 있다 그리고 적금을들때 목표를 설정하고 그에맞는 화이팅메세지도 입력하고 목표금액도 직접정해 불입하는거라서 동기부여차원에서 다른 적금과 차별성이있다"
6,우리 꿈 적금 (자유적립식),woori,13DEPOSIT,5,11315,2016. 04. 13.,3.0,2,5,3,2,단기 적금으로 가입했는데 모바일뱅킹으로 가입하기 편리해서 가입했는데 그냥저냥 만족합니다.
7,우리 꿈 적금 (자유적립식),woori,13DEPOSIT,5,11316,2016. 04. 13.,4.0,4,4,4,4,"과소비가 고민이기에 적금을 통해 돈을 묶어두면서 동시에 이율도 좋은 상품을 고르고 있었는데, 적당히 이율도 높고 가입절차도 모바일로 바로 할 수 있어서 간편하게 가입하였다. 1년 단기로 모아보고 다른 적금도 알아볼 예정이다."
8,BNK연리지적금 (자유적립식),bnkgn,141DEPOSIT,1,11484,2016. 04. 20.,3.5,3,4,4,3,일단 자유적립식이라 여유돈 생길때마다 적금할 수 있는게 좋습니다. 또 종이 통장을 사용하지 않으면 우대금리를 제공하는 것도 괜찮네요. 적금 통장 얼마나 쳐다본다고 불편하게 종이 통장을 가지고 있을 필요는 없는데 우대금리까지 ~!  저축은행에 비해 금리는 조금 싸지만 편리성에서는 높은 점수를 줄 수 있을듯.
9,카드플러스적금,bnkgn,142DEPOSIT,1,11485,2016. 04. 19.,3.5,5,3,3,3,신용카드 우대이율이 2.5%라 우대이율 받았습니다. 카드플러스적금 말 그대로 신용카드 많이 쓸수록 우대이율을 주는 거라 신용카드 사용액이 많으신데 적금 우대이율 받고 싶으신 분들인  이 상품 추천드려요 
10,스마트자유적금,bnkgn,149DEPOSIT,1,11486,2016. 04. 20.,3.5,3,4,3,4,모바일 상품이어서 사용하기가 편리했다. 금리는 보통정도 수준임.  그래도 아주 나쁘지는 않은 정도이고 시간도 없고 해서 그냥 선택했음.
11,iTouch그린적금 (자유적립식),woori,15DEPOSIT,2,11317,2016. 04. 27.,3.5,3,4,3,4,인터넷으로 금리 가입 시 더욱 더 이율이 높은 부분이 있었습니다. 그러나 인터넷으로 하는 부분에 번거로움과 인터넷에 관한 신뢰성이 떨어져서 지점방문으로 상담을통해 가입 했습니다.
12,iTouch그린적금 (자유적립식),woori,15DEPOSIT,2,11318,2016. 04. 19.,3.75,4,3,4,4,우연히 첫 체크카드가 우리V체크그린카드여서 적금도 같이들게 됐습니다. 우리은행에 있는 그린카드를 사용하시는 분이라면 적금으로 이 상품 가입하는 게 제일 좋을 것 같습니다. 
13,우리유후적금,woori,16DEPOSIT,6,11319,2016. 04. 13.,2.75,2,2,4,3,가입편의성 그러나 다른상품도 마찬가지지만 이율이 너무 낮음
14,우리유후적금,woori,16DEPOSIT,6,11320,2016. 04. 13.,2.75,1,5,2,3,1년간 강제적인 적금이 아니면 저축이 힘들것같아서 시작했는데 이율이2%라서 어처구니가 없었고다른 상품에 대한 비교 설명도없었다
15,우리유후적금,woori,16DEPOSIT,6,11321,2016. 04. 13.,3.75,3,3,4,5,"주부인데 비자금을 모으기위해 가입했어요

요즘 금리가 너무낮아 아쉽지만 딱히

안전하게 보관할곳이 없으니 적금이 젤 나은것같아요 우대금리를 더받을수있게 친절하게

설명해주어서 좋았어요  비상시에 해약하지않고중간에 세번은 찾아쓸수있어서 좋고

정해진금액이아니라 돈이 생길때마다

조금씩 모을수있어서 그것도 좋았어요

금리는 일년마다 갱신되는 상품이라고 하네요"
16,우리유후적금,woori,16DEPOSIT,6,11322,2016. 04. 13.,3.75,4,4,4,3,"1년에 목표한금액을 모으기위해 시작함. 딱히 큰혜택은 없음. 주거래은행이고  대출과 적금,은행 활용도를 높여 추후 혜택을 받기위해 꾸준히 이용중."
17,우리유후적금,woori,16DEPOSIT,6,11323,2016. 04. 13.,2.75,2,3,3,3,단기적으로 적금을 들어야했었는데 우리에서 가장 좋은 금리의 상품을 소개해줘서 일년짜리로 가입하게 되었다
18,우리유후적금,woori,16DEPOSIT,6,11324,2016. 04. 13.,4.25,4,5,4,4,계약만기가 되면 연장할지 해지할지 여부를 물어보고나서 자동이체로나갔으면한다
19,만덕사랑적금 (자유적립식),jeju,176DEPOSIT,1,11487,2016. 04. 19.,3.25,4,2,3,4,특정인을 추모하기 위한 특정 상품이라 특별우대금리가 있어서 가입했어요. 6개월로 가입하고 싶었는데 최소가 1년이라 어쩔 수 없이 1년제로 가입했습니다. 그래도 헌혈증서가 있어서 우대금리 받기가 편해서 괜찮았네요. 다만 분할 인출이 되지 않은 점은 조금 불편했어요.
20,우리 웰리치100 적금 (단기형),woori,17DEPOSIT,1,11325,2016. 04. 19.,3.5,3,3,4,4,"시중은행 적금상품 중에 2%대 이율이 있는 상품 찾기가 힘든데, 우리웰리치100적금은 2%대 이율을 제공한대서 가입했습니다. 은퇴자금으로 적금통장 찾는 분들이시면 추천합니다. "
21,우리 웰리치100 적금 (장기형),woori,18DEPOSIT,4,11326,2016. 04. 13.,4.0,2,5,4,5,금리가 낮아서 추천은 안하고 싶음
22,우리 웰리치100 적금 (장기형),woori,18DEPOSIT,4,11327,2016. 04. 13.,3.0,2,4,3,3,"이 상품은 대출의 우대금리를 받기 위해 가입했으나 적은 돈이라도 모으자는 생각도 들어 시작했습니다. 그래서 이 상품의 장점을 알지도 못하겠으며, 더 나은 상품이 있다는것을 들어보진 못했습니다"
23,우리 웰리치100 적금 (장기형),woori,18DEPOSIT,4,11328,2016. 04. 13.,4.25,3,5,4,5,인터넷으로  가입가능하고 설명도 친절하고 알아듣기쉽게 직원이 해주셨어요.  금리가 떨어지고있는 시점이라  적금넣기가  망설여졌지만  직원분의  설명과  1년단위로 모아서 예금으로 전환할목적으로 넣었는데  인테넷뱅킹을 이용하고있어서 한눈에 볼수있고 관리가능해서 좋습니다
24,우리 웰리치100 적금 (장기형),woori,18DEPOSIT,4,11329,2016. 04. 13.,3.75,3,4,4,4,"단기자금 운영을 위해 적금 상품을 가입할려고 지점을 방문했는데 직원의 친절한 안내와 상담으로 편리하게 가입할 수 있었습니다. 단, 우대금리를 적용하여도 금리가 낮아 아쉬움이 있었습니다."
25,IBK군인적금,ibk,190DEPOSIT,2,11488,2016. 04. 13.,3.0,1,5,3,3,남편이 군이이라서 기업은행 적금을 들때 우대금리가 꽤 높더라고요. 5.0%더라고요. 다른 은행들은 이미 적금을 들어놓은 곳도 있고 2년 후 아빠 환갑잔치할 때 쓰려고 한개 더 들었답니다. 우체국 예금은 목돈이 있어 제 비상금으로 살짝 넣어두었어요.
26,IBK군인적금,ibk,190DEPOSIT,2,11489,2016. 04. 13.,4.0,5,3,4,4,"금리는 4.5% 이라서 만족하구요 가입조건이 현직군인, 군무원이야되는점이 까다로워요.  일반인은 가입이 안된다네요.그리고 납입금액이 최대 월 50만원이라서 많은 금액은 못해서 아쉬워요 만기는 1~3년으로 정할 수 있는것 같아요.  저는 1년으로 했어요"
27,IBK흔들어적금,ibk,193DEPOSIT,10,11490,2016. 07. 12.,3.75,4,4,4,3,"온라인으로 가입이 가능하기에 직장인으로서 접근성면에서 만족하였다.
하지만 초반에 흔들어라는 그룹에 들어라기 위해 다른 어플을 하나 더 깔아야 하는 점이 불편한 느낌을 주었다. 들어가서는 하나의 미션으로 모인 많은 사람들과 함께 돈을 모아간다는 느낌에 동기부여도 되고 돈을 모으는 것이 하나의 재미있는 이슈가 되었다. 딱딱한 금융상품을 재미있게 잘 풀어낸 상품같다고 생각합니다. 대체적으로 1금융권이 가진 태생적 저금리는 어쩔 수 없지만 접근성과 흥미유발 측면에서 만족"
28,IBK흔들어적금,ibk,193DEPOSIT,10,11491,2016. 04. 13.,3.5,4,2,4,4,흔들어적금이란 걸 들었는데 금리우대가 크고 환전 수수료가 좋아요 그러나 상품들이 단조로워요
29,IBK흔들어적금,ibk,193DEPOSIT,10,11492,2016. 04. 13.,4.25,4,4,5,4,"어플에서 납입일과 금액설정을 하여 그룹을 만들거나 원하는 그룹에 참여하면 인원수에 따라서 추가이자를 제공하고 부가적으로 게임을 통해 자유롭게 적금이 가능하여 젊은층에게 접근성이 용이하다 하지만, 큰 단점은 없지만 이자가 좀 낮은 감이 없지 않아 있다"
30,IBK흔들어적금,ibk,193DEPOSIT,10,11493,2016. 04. 13.,4.25,4,4,5,4,"해당 상품이 인터넷 전용 상품이라 신규가입및 해지가 편하고 장기고객에게 주기적으로 선물도 주고 좋습니다^^ 하지만, 큰 단점은 아니지만, 콜센터에 전화를 하면 대기시간이 조금 있는 편이다"
31,IBK흔들어적금,ibk,193DEPOSIT,10,11494,2016. 04. 13.,4.5,4,4,5,5,"가입했던 흔들어적금은 모바일 전용상품이라 가입도 쉽고, 금리가 조금 낮아지긴 했지만 다른곳에 비해 평균 금리는 높은 편에 속하는 듯 하지만, 납입한도가 너무 낮게 정해져있고 1-2년단위로 계속해서 금리가 너무 낮아져서 아쉬움"
32,IBK흔들어적금,ibk,193DEPOSIT,10,11495,2016. 04. 13.,4.5,3,5,5,5,"여러명이 그룹을 지어 금리를 올려가는 적금으로 가입하였습니다.



가입은 매우쉬웠고 나 하나가 아닌 타인과 함께한다 생각하니 적금의 필요성에 대해 더 느끼게되고 자극이되는 좋은 상품이었습니다"
33,IBK흔들어적금,ibk,193DEPOSIT,10,11496,2016. 04. 13.,3.25,3,4,3,3,간편하게 가입할 수 있어서 좋음 인터넷을 사용해서 시간도 절약할 수 있다
34,IBK흔들어적금,ibk,193DEPOSIT,10,11497,2016. 04. 13.,4.0,4,4,4,4,"모바일로 간편하게 할수 있고

다른것보다 금리 우대 되요

"
35,IBK흔들어적금,ibk,193DEPOSIT,10,11498,2016. 04. 13.,3.75,4,5,3,3,"소액으로 여행경비를 마련하기 위해서 적금상품을 찾았는데, 모바일로 가입이 가능하고 창구에서 가입하는 것 보다 0.01%정도 더 주는 것도 좋았습니다.

창구에 직접 가지 않아도 되고, 만기후에 입출금 자유통장으로 이체되어 편리한 것이 가징 좋았습니다.

적은 금액으로 소액 적금을 가입하는 경우 해당 상품을 추천하고 싶습니다."
36,IBK흔들어적금,ibk,193DEPOSIT,10,11499,2016. 04. 13.,3.0,3,3,3,3,은행에서 가입이 안되고 스마트폰으로 해야 우대인점
37,IBK직장인적금,ibk,204DEPOSIT,2,11500,2016. 05. 08.,3.25,3,4,3,3,기업은행이 원래부터 주거래 은행이다보니 적금상품을 찾게 됐습니다. 사회초년생에게 맞는 적금으로는 직장인 적금이 있었습니다. 급여 이체나 주택청약통장이 있으면 우대이율을 줘서 좋지만 그래도 금리는 낮습니다.. 
38,IBK직장인적금,ibk,204DEPOSIT,2,11501,2016. 04. 13.,5.0,5,5,5,5,"연2.45%, 분할출금가능 계약기간은 1년 자동재예치 최대2회 50만원이내에서 자유적금"
39,IBK평생한가족통장(자유적립식),ibk,206DEPOSIT,1,11502,2016. 04. 13.,3.75,4,3,4,4,"주거래은행이라 우대금리가 0.4%나 더 붙어서 좋음 하지만, 우대금리가 더 높았으면 좋겠다"
40,신한 아시아나 트래블러스 적금,shinhan,209DEPOSIT,3,11503,2016. 05. 08.,3.75,3,4,4,4,"여행적금을 찾아보다가 신한은행께 좋다고 해서 가입하게 됐습니다. 사실 여행적금은 금리보다는 항공 마일리지 때문에 하게 되는 경우가 많은 것 같습니다. 다만, 신한은행 지점의 경우 창구가 주로 서서 상담을 받다보니 이런 부분은 매우 불편했습니다. "
41,신한 아시아나 트래블러스 적금,shinhan,209DEPOSIT,3,11504,2016. 04. 13.,3.0,3,3,3,3,자주가는 카페에서 많이들 추천해서 나중에 해외여행시 마일리지 사용을 위해 가입했다.
42,신한 아시아나 트래블러스 적금,shinhan,209DEPOSIT,3,11505,2016. 04. 13.,3.75,4,5,3,3,결혼한지 반년후 이제는 돈은 조금씩 모아봐야겠다 싶어서 인터넷으로 여러가지의 적금을 검색해본결과 금리도 높으면서 우대금리도있어 좋았으며 무엇보다 인터넷으로 편하게가입을 할수있어 시간이 많이 절약되어 좋았습니다
43,신한 주거래 우대적금(정기적립식),shinhan,210DEPOSIT,1,11506,2016. 04. 27.,4.5,3,5,5,5,"신한은행을 주거래 은행으로 삼고있는 고객에게는 유용한 적금입니다.
우대금리 챙기는것도 쉽지만 한달 불입할수있는 금액이 50만원까지밖에 안돼서 조금 아쉽습니다."
44,신한 주거래 우대적금(자유적립식),shinhan,211DEPOSIT,9,11507,2016. 04. 13.,4.0,4,4,4,4,주거래 입출금계좌를 통해 일정금액 이상의 거래가 있을 때 추가 이자를 받을수 있는 상품 그러나 혜택을 제공하는 일정금액의 기준이 좀 높다.
45,신한 주거래 우대적금(자유적립식),shinhan,211DEPOSIT,9,11508,2016. 04. 13.,2.75,3,2,2,4,"둘다 이체수수료 없고 우대이자 줍니다 하지만, 지속적으로 고객 관리가 없어 아쉬움. 또한 방카나 카드 발급 등을 유도하는 것이 단점"
46,신한 주거래 우대적금(자유적립식),shinhan,211DEPOSIT,9,11509,2016. 04. 13.,3.0,3,3,3,3,고객 우대는 잘해주는데 우대금리는 어렵네요
47,신한 주거래 우대적금(자유적립식),shinhan,211DEPOSIT,9,11510,2016. 04. 13.,3.5,3,3,4,4,돈을 모으기 시작한지 얼마 안되서 지금부터라도 모으기 위해 주거래은행을 이용하여 적금을 들기 시작하였는데 시작한지 얼마 되지않았지만 마음 한구석은 뭔가 안정적인 기분이 드는거같네요
48,신한 주거래 우대적금(자유적립식),shinhan,211DEPOSIT,9,11511,2016. 04. 13.,3.0,3,3,3,3,"세금을 포함한 생활비를 제외하고, 비상금, 주택자금, 그리고 마지막으로 적금을 권유하고 싶습니다 적금은 이율도 높지만, 언제든 긴급 자금으로 활용도가 높다고 생각합니다 은행에 가시면 직장이나 신용도에 따라 적절한 비과세 상품을 추천해주니 먼미래를 보기보다 가까운 앞날이라도 대비하기에 좋을 것 같습니다"
49,신한 주거래 우대적금(자유적립식),shinhan,211DEPOSIT,9,11512,2016. 04. 13.,4.25,4,5,4,4,미래를 준비하고 있기때문에 여러 적금을 알아보던중 주거래 우대가있는 적금을 찾게되었는데 거래실적과 주거래우대 추가 거래 우대등 신한은행을 주거래로 삼고있는 사람에게 다가가기 쉬운 신한은행 주거래 우대적금을 가입하게 되었다
50,신한 주거래 우대적금(자유적립식),shinhan,211DEPOSIT,9,11513,2016. 04. 13.,3.75,5,5,3,2,전세자금 대출을 위해 일정한 금리우대를 받기위해 가입한 적금입니다. 가입금액도 자유롭고 납입도 자유롭지만 금리는 좀 낮아요. 그래도 목돈을 만들기에 좋아보여 유지중입니다. 세달후 해약가능하다고 했는데 6개월째 유지중입니다.
51,신한 주거래 우대적금(자유적립식),shinhan,211DEPOSIT,9,11514,2016. 04. 13.,3.5,3,5,3,3,"내년 이사를 갈 때 가전제품이나 바꿔볼 마음에 적금을 알아보다가 주거래 은행인 신한은행에서 이름도 주거래우대적금이 있길래 가입을 하였습니다.

요즘 금리가 낮은데 그래도 주거래 은행이니 이것저것 자동으로 금리우대가 되는 부분이 좋았고, 무엇보다 스마트폰으로 가입이 가능한 점이 편리하였습니다."
52,신한 주거래 우대적금(자유적립식),shinhan,211DEPOSIT,9,11515,2016. 04. 13.,3.0,2,3,3,4,사회초년생으로서 적금을 찾던 중에 주거래 은행이라는 이름을 보고 금리가 높을거같아 가입했지만 세부 금리 조건이 많아서 저에게는 조금 까다로운듯 다가와서 그렇게 큰 매리트는 못느꼈습니다
53,신한 미래설계 적금(자유적립식),shinhan,212DEPOSIT,1,11516,2016. 04. 19.,3.5,3,5,3,3,음 일단 이름값 하는 상품이에요.. 가입 기간이 5년이고 저축 가능이 3년까지인데요 정말 미래를 내다보고 하셔야 할 듯 합니다. 한 달에 20만원씩 했고 지금 1년 째 들고 있어요. 아직 찾으려면 4년이나 남았지만 그래도 5년 뒤에 꽤 목돈이 생길 것 같네요. 이제 너무 오래돼서 해지할 엄두도 안나요. 우대금리는 생각만큼 높지는 않은 것 같네요 ㅠㅠ
54,신한 아이행복 적금,shinhan,213DEPOSIT,2,11517,2016. 05. 20.,3.5,4,3,4,3,아이 적금을 하나 들러 집 근처 신한은행 지점을 방문했습니다. 주거래 은행이 신한은행이라 자녀 통장도 신한은행으로 들었던 건데..찾아보니 아이통장을 만드는 다른 은행은 바우처를 주기도 하는 것 같더라구요. 그런 부분은 조금 아쉬웠습니다. 
55,신한 아이행복 적금,shinhan,213DEPOSIT,2,11518,2016. 04. 21.,3.0,5,1,3,3,일단 아이 있으신 분들은 이걸로 하시는 게 좋아요. 다른 것보다 우대 이율이 0.7%나 돼요. 뭐 우대 금리 받으려면 조건이 몇 가지 있기는 한데 크게 어려운 게 아니고 다 아이 있으면 좋은 상품들이라 괜찮아요. 그런데 무슨 지점이라고 말은 안하겠지만 직원 분이 조금 쌀쌀맞다는 느낌이 나서.. 그냥 일만 빨리 해치우고 왔네요 이제 다 그냥 온라인으로 가입 됐으면 해요
56,신한 저축습관만들기 적금 (자유적립식),shinhan,214DEPOSIT,7,11519,2016. 05. 20.,3.75,3,4,4,4,적은 돈을 자유롭게 들려는 적금을 찾다가 선택하게 됨. 저축습관만들기라는 이름처럼 습관을 가지고 싶은 사람들에게 추천합니다. 
57,신한 저축습관만들기 적금 (자유적립식),shinhan,214DEPOSIT,7,11520,2016. 05. 08.,3.75,4,3,4,4,"52주 적금 넣기를 하기위해 가입한 상품입니다. 인터넷에서 우연히 재테크 팁으로 52주 적금넣는 것을 보고 시작하게 됐는데요. 1000원부터 시작하는 52주 적금으로 저축습관 만들기 상품이 괜찮은 것 같습니다. 부담없이 자그만 목돈 마련하기위한 분이라면, 이 상품 추천! "
58,신한 저축습관만들기 적금 (자유적립식),shinhan,214DEPOSIT,7,11521,2016. 04. 28.,4.5,5,5,4,4,"저는 풍차돌리기를 하고 있기 때문에 매월 10만원씩 적금을 들고 있습니다. 
그중에 신한저축 습관 만들기(자유적립식)으로 매월 10만원씩 적금을 들고 있는데요. 우선 금리가 2/2%로 높은 편입니다. 물론 기본 금리는 1.8%로 이고, 우대금리가 0.4%입니다. 
우대금리 조건은 (1) 스마트 이체를 하는경우 최대0.3% 
(2) 목표달성지원 0.2%입니다. 
목표달성이라는 것은 매월 입금 달성시, 만기 잔액이 300만원 이상인경우 
(3) 금리 우대쿠폰을 발급받은 경우 

사실 3가지 조건을 만족하기는 쉽습니다 
다른 적금에 비해서 우대금리는 받는 것이 쉬운편인것 같습니다. 

요즘같이 금리가 낮은 시대! 

티끌모아 태산정신으로 화이팅!

"
59,신한 저축습관만들기 적금 (자유적립식),shinhan,214DEPOSIT,7,11522,2016. 04. 13.,4.0,3,5,4,4,비정기적으로 들어오는 부가적인 수입을 모으고 싶었는데 은행자체어플에서 입금 즉시 이체하면 이율을 우대해준다는 점이 매력적이어서 가입했다. 실제로 써보니 일반 이체보다 절차적으로도 간편해서 만족중.
60,신한 저축습관만들기 적금 (자유적립식),shinhan,214DEPOSIT,7,11523,2016. 04. 13.,3.75,4,5,3,3,종이통장없이 스마트폰으로 간편하게 만들수 있어 편합니다 최고2.2%의 이자도 좋아요 우대금리받는 조건도 알림수신후 입금으로 아주간단하답니다 은행에 가지 않고 적은돈으로 적금을 들어 해외여행이라든지 자동차구입등을 위한 돈을 매원 적립함으로써 저금에 재미를 느낄수 있습니다 무엇보다도 복잡한 서류없이스마트폰으로 편하게 가입 관리할수 있다는게 매력입니다
61,신한 저축습관만들기 적금 (자유적립식),shinhan,214DEPOSIT,7,11524,2016. 04. 13.,4.5,5,4,5,4,"그냥 모바일뱅킹하다가

보여서 하나들어야지? 하고 들엇습니다."
62,신한 저축습관만들기 적금 (자유적립식),shinhan,214DEPOSIT,7,11525,2016. 04. 13.,4.0,4,4,4,4,저축에 대해 잘 몰라서 은행을 찾았는데 일단 상품명이 저와 잘 맞아떨어졌습니다. 직원 역시  친절하고 금리는 조금 낮았지만 목돈을 모으는데에 의미를 두고 가입했습니다
63,신한 S드림적금 (정기적립식),shinhan,215DEPOSIT,1,11526,2016. 04. 13.,2.0,3,3,1,1,결혼 전 준비해 놓은 목돈이 있어 투자하기엔 시장이 불안하여 한달에 한번 예적금을 하고 있는데 만족합니다
64,펀드가 있는 적금,woori,21DEPOSIT,1,11330,2016. 04. 13.,3.0,3,3,3,3,큰 돈이 갑자기 생기게 되어 잠깐동안 넣어두려고 펀드를 알아보다 적립식펀드를 소개받고 넣어두었는데 생각보다 그리 큰 이율이 아니어서 현재 고민중에 있습니다.
65,신한 S힐링 여행적금 (자유적립식),shinhan,227DEPOSIT,2,11527,2016. 04. 13.,4.25,4,4,5,4,"여행관련 상품이라 비행 마일리지를 적립해주는 혜택이 마음에 든다 하지만, 대출금리인하를 위해 예적금 가입하는 건 불필요함"
66,신한 S힐링 여행적금 (자유적립식),shinhan,227DEPOSIT,2,11528,2016. 04. 13.,2.5,1,4,2,3,"적금은 납입하는 상품이 없었으나 이번에 신한은행에소 대출을 받는데, 직원의 권유로 6개월만 단기로 가입해달라는 부탁을 받고 가입하였습니다.

가입은 스마트폰 앱으로 바로 가입이 가능하였고 납입금도 자유롭게 해서 좋았으나 금리가 너무 낮음점이 조금 아쉬웠습니다"
67,신한 북21지식 적금,shinhan,228DEPOSIT,4,11529,2016. 04. 28.,4.0,4,4,4,4,"저는 신한 북 21적금을 모바일을 통해서 가입했습니다. 
우선 인터넷뱅킹에서 상세조건을 넣고 필터링을 하니까 추천적금이 나왔고, 
공인인증서로 로그인을 한 이후에는 내가 받을 수 있는 적금 이율이 나왔습니다. 
북 21적금은 조건중에서 지식서재를 들어가서 출석체크를 해야 추가 이율을 주고 있습니다 약간 번거롭기는 하지만, 그래도 요즘같은 시기에 0.1%로도 큰거죠 ^^ 

저는 1년 120만원 적금하고, 또 다시한번 들었습니다. 

티끌모아 태산이라는 생각으로!! 
"
68,신한 북21지식 적금,shinhan,228DEPOSIT,4,11530,2016. 04. 27.,5.0,5,5,5,5,"금리우대 쿠폰이 떠서 가입하게 되었습니다.
금리 적용에 대해 잘 나와 있고 출석 및 지식 e북을 공유하면 우대를 더 해주기에 더욱 추천하고 싶은 상품입니다.
또한 지식e북은 언제든지 무료로 모바일로 볼수 있기 때문에 출퇴근시간이나 여가 시간에 언제든지 볼수 있어서 좋습니다.
늘 출석체크를 하기에 입금된 금액 또는 금리 등을 상시 체크할 수 있어서 더 좋네요"
69,신한 북21지식 적금,shinhan,228DEPOSIT,4,11531,2016. 04. 13.,3.25,2,3,4,4,"인터넷 뱅킹, 모바일 결제등을 진행할때 불편함 없이 수월하게 이용 가능합니다 하지만, 적금 및 예금에 대한 금리가 낮은거 같습니다"
70,신한 북21지식 적금,shinhan,228DEPOSIT,4,11532,2016. 04. 13.,3.25,3,5,3,2,"평소 적금통장을 5~6개정고 가지고 있는데

다들 상품들의 이율이 낮아

재테크보다는 소비를 줄이자는 목적으로 가입했습니다

아쉬운 그나마 고이자율 상품은 1계좌만 가입할 수있다는 점입니다

 가장 높은 이자율로 여러개 적금 계좌를 가입하고 싶네요"
71,신한 새희망 적금(자유적립식),shinhan,235DEPOSIT,1,11533,2016. 04. 13.,4.5,5,4,4,5,"재형저축이 2015년까지만 가능하여 가입했는데 이율은 요즘시중금리보다는 높아서 좋았다 그러나 7년간은 해지가 불가능함 
새희망적금도 조만간 가입이 안된다고 하여 가입 금리가 높아서 놓치지 않아서 다행이다 하지만 월20만원이상불입이안되서 조금아쉬움이남음 
적금 만기되면 대출을려고 함"
72,신한 S20 적금,shinhan,236DEPOSIT,1,11534,2016. 08. 01.,3.75,3,5,3,4,주거래 은행이라 딱히 단점은 없었습니다 추천해준 상품이 제 상황에 맞게끔 직원이 잘 골라줘서 만족스럽습니다
73,신한 두근두근 커플적금,shinhan,237DEPOSIT,1,11535,2016. 04. 19.,4.5,5,5,4,4,"모바일로 가입해서 친절도 등은 모르겠어요. 일단 최고 우대금리가 매우 높아서 좋습니다. 여자친구랑 같이 가입했는데, 미션처럼 같이 사진도 찍고 그러면 0.5%나 더 주더라구요. 요즘 같은 때에 2% 넘어가면 나쁘지 않은 것 같아요. 누가 돈 넣고 안 넣고 하면 불만 생길 것 같아서 매달 10만원씩 각자 넣기로 했어요. 나중에 돈 모아지면 그걸로 여행가거나 하려구요. 커플이신 분들께 강추합니다!!"
74,신한 월복리 적금(자유적립식),shinhan,238DEPOSIT,11,11536,2016. 05. 08.,3.5,4,4,3,3,신한은행 월복리 적금은 장기적으로 생각해서 가입하게 된 상품입니다. 지점에 방문했을 때 행원분께서도 강력추천해줬던 상품입니다. 요새는 은행어플도 잘 되어 있어서 바로바로 확인할 수 있는 점도 좋네요~~ 
75,신한 월복리 적금(자유적립식),shinhan,238DEPOSIT,11,11537,2016. 05. 08.,3.5,4,3,3,4,"편하게 넣을 수 있는 적금 알아보다가 신한은행 월복리 자유적금을 선택했습니다. 그리고 원금에 이자기 붙고 거기에 또 이자가 붙으니 단기 상품 보다는 장기적으로 봤을 때는 이 상품이 메리트 있다고 느껴졌습니다. 이 상품의 특징이라면, 비과세 종합저축으로 가입이 가능하고, 자동재예치 및 일부해지는 불가능합니다. 이 점은 다른 상품도 비슷할 거라 생각합니다. 또 장점이 있다면, 우대이율을 잘 준다는 점 같습니다. "
76,신한 월복리 적금(자유적립식),shinhan,238DEPOSIT,11,11538,2016. 04. 13.,3.0,3,3,3,3,복리 적금 상품을 가입함. 복리 상품이라 이율이 그나마 좋음. 그러나 복리 적금 상품에 가입할 수 있는 금액이 낮음.
77,신한 월복리 적금(자유적립식),shinhan,238DEPOSIT,11,11539,2016. 04. 13.,3.5,3,4,3,4,복리상품을 추천받음. 금리도 낮은 요즘 저축을 통해 돈을 불릴수 있는 방법이라 해서 좋음. 그러나 설명이 구체적이지 않고 좀 부족했음.
78,신한 월복리 적금(자유적립식),shinhan,238DEPOSIT,11,11540,2016. 04. 13.,3.5,3,3,4,4,"월복리적금 뿐만 아니더라도 연계되어 있는 상품이 다양하다. 직장인통장, 뉴라이프 통장, 민트레이디 통장 등등 하지만, 신청 시 인증절차가 약간 까다롭다"
79,신한 월복리 적금(자유적립식),shinhan,238DEPOSIT,11,11541,2016. 04. 13.,4.0,4,4,4,4,복리적금이라는게  참 끌렸네요..  매달 일정한한 금액이아닌  수시로  한달에  100만원이하  로 넣를 수있으니  좋더라구요.  하지만 3년 이라는  기간이  참 길다고  느꼈네요.
80,신한 월복리 적금(자유적립식),shinhan,238DEPOSIT,11,11542,2016. 04. 13.,3.5,3,5,3,3,복리라 가입했는데 금리가 너무 낮아서 실망했다 다만 우대금리 적용이 매월되어 조금은 만족이 생겼다
81,신한 월복리 적금(자유적립식),shinhan,238DEPOSIT,11,11543,2016. 04. 13.,4.0,3,5,4,4,복리라거 가입을했고 만족하는중입니다. 금리는 은행에서 어떻게할 수 있는 부분이 아니니 대체로 만족합니다. 
82,신한 월복리 적금(자유적립식),shinhan,238DEPOSIT,11,11544,2016. 04. 13.,3.5,3,5,3,3,"다달이 생활비로만써도 부족하지만, 일반계좌에 넣으면 어디에 썼는지도 모르게 없어져서, 적은 금액이라도 다달이 적금통장에 입금하려고 이율은 낮지만 자유적립식 적금통장에 가입했습니다. 인터넷뱅킹으로 가입해서 편했습니다."
83,신한 월복리 적금(자유적립식),shinhan,238DEPOSIT,11,11545,2016. 04. 13.,4.0,4,4,4,4,"여유 자금이 조금있어서 어떻게 굴릴까 고민하던중에 신한 인터넷 뱅킹으로 월복리 적금을 가입했습니다. 일단 신한 인터넷뱅킹은 고객이 원하는 상품을 비교적 쉽게 감색할 수 있어 좋고, 인터넷가입이나 우래고객 금리를 0.1에서 0.2 정도 더 받을 수 있어서 좋은 것 같습니다. 고정금리 2.9 %인데, 월복리라 실제보다 조금 높을 것 같구요. 신한예적금의 장점음 일단 가입이나 해지가 인터넷으로 쉽게 되고, 또한 상품에 따라 부분해지도 가능하고, 담보 대출도 쉬어서. 가계 운용에 도움이 많이 된다는 점이 장점인 것 같습니다. 다만 아쉬운 점은 인터넷으로 예금 담보 대출하는 경우 금리가 조금 더 낮았으면 좋겠네요. "
84,신한 월복리 적금(자유적립식),shinhan,238DEPOSIT,11,11546,2016. 04. 13.,3.75,4,4,4,3,저금리시대에 월복리라 좋으나 분기한도 있는건 흠
85,트러스트 정기적금 (정액식),daishin_sb,241DEPOSIT,1,11547,2016. 05. 19.,3.75,5,5,2,3,"모바일 적금을 들면 3% 의 고금리(?!)제공을 한다는 조건으로 가입했습니다. 정확한 금리는 기억이 나지 않는데요, 저는 모바일로 하는것이 낯설어서 자세한 설명을 해주었으면 했었는데 만족스럽지 못한 설명이 아쉬웠습니다. "
86,아주플러스 정기적금,aju_sb,249DEPOSIT,1,11548,2016. 04. 21.,3.5,5,3,3,3,주로 쓰는 신용카드가 없어서 1.5% 우대를 받기 위해 만드는 데 거부감이 없었고 3.6% 금리에 만족하는 편입니다. 하지만 주변에 친구들이 있으면 아주 삼삼오오를 가입하는 것을 추천합니다. 금리 외에는 특별한 점은 없습니다.
87,삼삼오오 함께 만든 적금,aju_sb,250DEPOSIT,1,11549,2016. 04. 20.,3.0,5,1,3,3,"금리 하나만으로 추천할만한 상품. 친구들이랑 다섯이서 가입, 3.1%의 금리를 받았고 카드까지해서 추가로 우대금리를 받은 친구도 있었음. 여러명이 가입만 하면 쭉 우대금리를 받을 수 있으니 굉장히 편함. 친구가 없더라도 모르는 사람들끼리 모일 수 있게 아주은행에서 네이버 카페를 운영."
88,WELCOME 체크플러스 m-정기적금,welcome_sb,253DEPOSIT,3,11550,2016. 05. 18.,4.0,3,5,4,4,"인터넷에서 이율을 확인하고 지점 내방하여 일반 계좌 개설 후 적금 가입했습니다.
다른 부분은 모두 만족스러웠지만 한가지 불만족스러웠던 것은, 방문 당일 이율이 낮아졌다는 것이었습니다.
제1금융권은 이율이 낮아진다던가 하는 정보가 미리 사이트 상에 고지가 되어있던 경우가 많았던 것 같은데(이용자에게 충분히 친절하게 안내가 되었는가에 대한 부분은 제외하더라도) , 방문해서 이율이 낮아졌다는 것을 인지하였다는 점에서는 아주 만족스럽지는 않았습니다.
다만 지점 직원분들의 친절함과 그래도 여전히 제1금융권보다는 기본 이율이 높다는 점에서 꾸준히 이용하지 않을까 싶습니다."
89,WELCOME 체크플러스 m-정기적금,welcome_sb,253DEPOSIT,3,11551,2016. 04. 27.,5.0,5,5,5,5,"지점이 많진 않지만 방문했을때 기다림없이 친절하게 서비스받았습니다 
체크플러스적금은 모바일로 가입시 아무 조건없이 4.2%(이것만으로도 최고금리)인데 체크카드실적이 있으면 5.2%까지 가능하여 지금은 저만 가입한 상태이지만 조만간 온가족 모두 가입하려구요~^^"
90,WELCOME 체크플러스 m-정기적금,welcome_sb,253DEPOSIT,3,11552,2016. 04. 21.,3.5,4,4,3,3,"체크카드 실적에 따라 우대금리가 적용되는 상품이라 조금 한계는 있지만, 그만큼 금리가 높아서 쓸만 해요. 1금융 다른 곳들은 금리가 너무 낮아서 거의 저금통 수준이라.."
91,m-정기적금,welcome_sb,254DEPOSIT,2,11553,2016. 10. 14.,5.0,5,5,5,5,4프로대 가까운 m적금이여서 다른곳보다 이율도 쎄고 예금자보호도 되서 안전하기도하다. 다만 50만원 한도가 있지만 그래도 매우 만족하며 사용하고있다. 앱동있어서 사용이 편하다.
92,m-정기적금,welcome_sb,254DEPOSIT,2,11554,2016. 04. 19.,3.75,5,4,3,3,"일단 스마트폰용 상품이라 친절도는 모르겠지만 금리는 친절하네요. 1금융보다 금리가 높아서 가입했어요. 체크카드 실적이 있으면 우대금리가 또 어마어마해서 이것도 사용하려구요. 요즘 같이 금리 낮을 때에 뭔들 못할까요
다들 사용해보세요~"
93,WELCOME 체크플러스 e-정기적금,welcome_sb,255DEPOSIT,2,11555,2016. 05. 20.,3.75,5,3,3,4,지인 추천으로 핀다에서 적금검색을 통해 웰컴체크플러스e정기적금을 들었습니다. 매달 50만원 넣는 적금을 찾다가 이 적금의 우대조건을 맞출 수 있을 것 같아 가입했습니다. 우대금리는 체크카드를 월 평균 30만원 이상 쓰면 됩니다. 그러면 1%의 우대금리를 주는 데 이게 정말 크다고 생각합니다. 50만원 미만 적금 찾으시는 분들 이상품 추천합니다. 
94,WELCOME 체크플러스 e-정기적금,welcome_sb,255DEPOSIT,2,11556,2016. 04. 21.,4.0,5,5,3,3,제가 웰컴 다른 적금을 가입했었는데 또 500만원 정도가 생겨서 적금에 넣으려고 보니 이게 금리가 높았어요. 그리고 어차피 가입했던 것도 웰컴 체크카드 실적이 필요했는데 이것도 그런 거라서 이득본 것 같네요. 4%에다가 체크카드 때문에 0.6%까지는 더 받을 수 있을 것 같아요.
95,e-정기적금,welcome_sb,256DEPOSIT,2,11557,2016. 04. 28.,5.0,5,5,5,5,적금을 어떤 걸 들지 많이 고민하고 상담을 받아보니 저축은행 적금을 들게 되었습니다. 정말 금리도 높고 좋습니다
96,e-정기적금,welcome_sb,256DEPOSIT,2,11558,2016. 04. 19.,3.75,5,4,3,3,"확실히 금리가 높긴 높아요. 24개월은 너무 길어서 12개월만 했는데요, 3% 후반대를 받았고 우대금리 해서 4%대 받았어요. 다달이 10만원 씩 넣은 것 같은데 뭐 큰 금액은 아니더라도 용돈 정도는 생기겠죠. 그리고 직접 방문하지 않아도 되는 게 좋네요. 저는 서비스직 사람들 만나서 설명듣고 이러면 좀 불편해서.. "
97,WELCOME 디딤돌적금,welcome_sb,257DEPOSIT,1,11559,2016. 05. 19.,3.5,4,2,4,4,"6.5% 금리로 작년에 받았습니다. 아마 지금은 불가능한 금리라고 생각하는데요. 기본 금리가 3.4%이나 기본적으로 주는 우대이율이 0.6%였습니다. 이렇게 4%. 그리고 수시 입출입 통장을 개설하니 0.9% 추가이율을 받았습니다. 거기에 국민카드 추가로 발급하면 이율이 증가해서 6.5%이율을 받았습니다. 다만, 이 카드가 연회비 1만원에 1년 동안 유지해야한다는 단점이 있습니다. 그러니 나는 무조건 금리 많이라고 생각하시면, 카드 발급받으시고 아니면 받지마세요. "
98,WELCOME 체크플러스 정기적금,welcome_sb,258DEPOSIT,1,11560,2016. 04. 13.,3.0,4,2,3,3,웰컴의 체크카드 개설후 월평균 30만원을 쓰면 최고 5.52프로의 적금금리를 줍니다. 저축은행이지만 예금자보호때문에 부담감없이 가입했고요 우대금리받기가 까다롭지만 체크카드로 소비를 몰면 가능할거같았습니다
99,부모사랑 정기적금 (서울지점),choeun_sb,264DEPOSIT,1,11561,2016. 05. 20.,0.0,0,0,0,0,아이를 위한 적금 상품을 찾다가 가입하게 된 상품입니다. 저축보험이랑 고민하다가 가입하게 됐습니다. 사실 적금과 저축보험 중에 뭐가 좋을 지 아직도 고민이 되긴 합니다. 
100,KB착한정기적금,kb_sb,275DEPOSIT,1,11562,2016. 04. 19.,3.75,4,3,4,4,"KB착한정기적금은 금리 높은 게 제일 큰 장점인 것 같습니다. 다만, KB저축은행 지점이 별로 없어서 동네에서 먼 곳까지 찾아가서 가입해야한다는 불편함이 있었습니다. "
101,스파이크 정기적금II,ok_sb,278DEPOSIT,5,11563,2016. 04. 13.,2.0,2,2,2,2,"이벤트상품으로 OK저축은행 배구단이 우승시 보너스금리추가되어 최대 5.6%금리 상풍이었는데 배구단 우승함. 한시적상품으로 추천하고싶어도 더이상추천할수없음. 하지만, "
102,스파이크 정기적금II,ok_sb,278DEPOSIT,5,11564,2016. 04. 13.,2.0,2,2,2,2,"프로배구단의 승리성적과 같은 다양한 프로모션에 대해 금리우대를 해준다. 덕분에 스포츠에 대한 관심까지 생긴다. 하지만, 저축은행이어서 그런지는 몰라도 온라인 금융서비스가 사용하기에 조금 불편하다."
103,스파이크 정기적금II,ok_sb,278DEPOSIT,5,11565,2016. 04. 13.,3.75,4,3,4,4,두번째 가입인데 이율이 높아 선택하게 되었다. OK저축은행 배구 경기 승율에 따라 이율이 올라가는 방식이 흥미로웠다. 상품이 없어지지 않는다면 내년에도 가입할 것 같다.
104,스파이크 정기적금II,ok_sb,278DEPOSIT,5,11566,2016. 04. 13.,4.5,5,5,4,4,"안산에 살고 있고 오케이저축은행 안산지점을 통해 스파이크적금 가입 시 우대금리 혜택이 있어서 좋았다. 

직원도 친절하게 상품에 대해 잘 설명해주렀으며 대기시간도 길지 않아 좋았다. 

다만 온라인이나 모바일 가입이 안되는 점은 불편하였다.  "
105,스파이크 정기적금II,ok_sb,278DEPOSIT,5,11567,2016. 04. 13.,3.0,3,3,3,3,"제1금융권보다 높은 이율을 제공하고, 배구팀의 성적에 따라 추가적인 이율 제공한다는 점에서 재밌었다 그리고 무엇보다 높은 이율이 매력적"
106,OK VIP 정기적금,ok_sb,279DEPOSIT,1,11568,2016. 06. 30.,4.0,4,4,4,4,"Finda에서 제안한 상품보고 방문해서 가입했습니다. 무엇보다 정제된 정보로 가장 유리한 금융상품을 알려줘서 가입하게 되었는데, 하나 실제 가입하어 지점 방문시에 보험상품 가입이 전제된 상품이라서 장기보험상품을 가입후 적금가입상품을 가입하게 되었습니다. 가입팀에 이런 상세내용이 뒷받침되야 좀더 정제된 가입정보로 신뢰도가 높을 거 같습니다. 그래도 무엇보다 유리한 상품을 순위리스트로 알려줘서 제일 좋습니다. "
107,어린이 적금,woori,27DEPOSIT,1,11331,2016. 04. 13.,3.0,3,3,3,3,아이들을 위한 적금을 고민하던 터에 우리은행에서 어린이 적금 가입 시 1만원을 지원해준다는 프로모션에 선뜻 가입하게 되었음
108,OK끼리끼리정기적금,ok_sb,281DEPOSIT,2,11569,2016. 04. 28.,3.75,3,3,4,5,"고객이 상품가입시 더좋은 혜택 받을수있도록 직원분이 잘해주셨고, 인터넷뱅킹은 잘할줄몰라 조금 어려웠습니다"
109,OK끼리끼리정기적금,ok_sb,281DEPOSIT,2,11570,2016. 04. 13.,2.0,2,2,2,2,"1금융권은 물론이고 비슷한 규모의 다른 2금융권보다도 더 높은 금리의 적금상품이 있는것 하지만, 주변에 쉽게 지점이나 atm기 등을 찾아보기 어려움. 어플이 허접하다(저축은행 대부분이 같은 문제점이 있음) 고금리의 신용대출을 지나치게 홍보함"
110,SNS다함께정기적금,sbi_sb,282DEPOSIT,1,11571,2016. 04. 13.,4.25,4,4,4,5,SBI는 저축은행으로 인지도나 안전성이 1금융권보다는 떨어지지만 대체적으로 금리가 높고 예금자보호도 5000만원까지 되기 때문에 그 안에서 적절히 잘 활용하곤 합니다. 여기서 적금을 몇번째 들고 있는데 최근에 가입한 sns다함께정기적금은 카카오스토리 공유만으로 우대금리를 받을 수 있어 좋았습니다. 영업점도 굉장히 분위기가 아늑하고 좋고 창구 직원들도 친절합니다. 예전엔 적금 가입기념으로 장미꽃을 선물받기도 했는데 이러한 소소한 이벤트들이 이 은행에 대한 이미지를 좋게 만들어주는 것 같습니다. 앞으로도 예금자보호 한도내에서 즐겨 이용하는 은행이 될 것 같습니다. BIS비율도 8%이상으로 더욱 든든합니다. 
111,PB우대정기적금,sbi_sb,283DEPOSIT,1,11572,2016. 04. 20.,3.5,3,3,4,4,금리적인 면에서는 큰 메리트가 있는 상품은 아니지만 SBI의 여러 상품들을 이용하는 사람의 입장으로써는 쏠쏠한 상품인듯.  적금 금액별로 우대금리가 있긴 하지만 세컨 적금용도로 사용할 예정이라 큰 의미는 없음.
112,직장인정기적금,sbi_sb,284DEPOSIT,1,11573,2016. 04. 19.,4.5,5,3,5,5,"저축은행은 위험해보여서 꺼렸는데, 그래도 믿을만해보여서 가입했어용! 직장인만 가입할 수 있는데 그냥 은행가서 명함 보여주면 돼요 ㅎㅎ 신입로 입사한지 6개월 미만이면 0.1% 더 준다구 해서 완전 좋았어용… 세전금리를 4.1%로 높게 받게 되어서 기분이 좋아요! 잠실점에 은행원 언니도 넘 친절했어용"
113,사랑나눔정기적금,sbi_sb,285DEPOSIT,1,11574,2016. 04. 19.,3.75,4,3,4,4,헌혈 증서 있으면 우대금리 0.1% 줍니다 ㅋㅋ 착한 일 하고 칭찬받는 기분이라 괜히 좋네요 ㅋ 헌혈 해본 분은 마땅히 가입할 거 없으면 ㄱㄱ 기본적으로 금리가 높은 편이기도 함요
114,e-온라인정기적금,sbi_sb,288DEPOSIT,1,11575,2016. 04. 19.,3.75,4,5,3,3,4.4%에 혹해서 가입… 요즘은 저축은행 아니면 금리들이 바닥이니… 저축할 의지가 생기지 않는데… 여러 곳 알아보다 친구가 SBI가 금리가 높은 편이라고 해서 나도 가입… 친구따라 강남 간다고…^^ㅋ 사실 강남을 간 건 아니고 집에서 컴으로 가입했다. 왜냐? 인터넷으로 가입해야 우대금리를 받을 수 있거덩… 암튼 추천…
115,e-체크UP정기적금,sbi_sb,289DEPOSIT,1,11576,2016. 04. 20.,3.25,4,3,3,3,요즘같은 저금리 시대에 우대금리를 포함하긴 하지만 4%대 금리를 제공해주는데는 찾기 힘들듯.  체크카드 하나 발급 받아서 간단한 생활비 사용하는데만 써도 4% 금리 맞출 수 있겠다. 괜찮은 적금 상품~! 
116,정기적금,sbi_sb,291DEPOSIT,2,11577,2016. 04. 21.,3.5,5,3,3,3,직장 다니고 여윳돈이 조금 생길 때 가입했어요. 5000만원 이하 규모고 다른 저축 내역이 없는 상황이어서 인터넷에서 당시 금리가 제일 높은 저축은행을 찾아서 가입한 거였습니다. 검색한 조건과 실제 조건이 다르지 않아 만족하면서 이용했습니다.
117,정기적금,sbi_sb,291DEPOSIT,2,11578,2016. 04. 13.,4.0,4,4,4,4,SBI 저축은행 적금금리 높아서 2년째 가입해서 하고 있는데요. 다만 방카슈랑스 상품을 끼여야 금리 많이 주니까 그건 참고하셔야 합니다. 그래도 방카슈랑스 중 5년납으로 가장 작은 금액으로 하고 적금이자를 더 받는 전략을 쓰신다면 괜찮을거 같네요. 저는 추천드립니다. 금리로만 보면 아주 좋아요
118,정기적금(정액적금),ibk,332DEPOSIT,1,11579,2016. 05. 10.,3.75,4,3,4,4,상담원은 응대가 친절했으나 전반적으로 무언가를 가입하는 과정 및 절차가 복잡했기 때문에 장벽이 느껴지는 부분이 있었다. 특히 사회 초년생의 경우 적금의 경우 처음 들었을 때 은행의 용어에 대해서 잘 알지 못하기 때문에 알아듣는 부분에서 어려움이 있었다.
119,신한 스마트 적금,shinhan,335DEPOSIT,7,11580,2016. 04. 13.,3.0,3,2,4,3,"스마트폰 전용 적금이여서 시중 금리보다 조금 높아서 좋았음 하지만, 은행금리가 약간 높은 것 외의 추가적인 혜택이 없어 아쉬웠음"
120,신한 스마트 적금,shinhan,335DEPOSIT,7,11581,2016. 04. 13.,3.75,4,5,3,3,"단기 적금 중에는 금리가 높은 편이었습니다.

그리고 주거래은행에 우대금리가 있는데다가

모바일 적금이라서 따로 은행 창고 방문할 필요없이 간편하게 가입했습니다.

"
121,신한 스마트 적금,shinhan,335DEPOSIT,7,11582,2016. 04. 13.,4.25,5,4,4,4,"주거래로 신한은행을 이용하고 있어

우대이율이라던지 추가우대를 받을수있는 혜택이 많았고 같은 은행의 다른 상품이나 다른 은행의 상품과 바교했을시 이율이 높은편이라 만족하며 이용하고있다"
122,신한 스마트 적금,shinhan,335DEPOSIT,7,11583,2016. 04. 13.,2.75,2,3,3,3,"전세금대출 받을때 추천을 받아서 가입을했습니다.

다소 빡빡한 자금운용이지만 이 기회가아니면적금 가입할기회가 없다싶어 후회는없습니다만, 금리가 낮은것이 조금아쉽습니다."
123,신한 스마트 적금,shinhan,335DEPOSIT,7,11584,2016. 04. 13.,3.75,3,4,4,4,"직장생활 하면서 유흥과 취미생활로 목돈 만들기가 어려웠다 그래서 습관적으로 저축할수있는 적금을 이용하기로 했다.

여러 상품을 알아보던중 주거래은행의 적금을 이용하기로 하고 가입이나 해지와 이용이 편한 스마트적금을 선택해서 사용 중 이다."
124,신한 스마트 적금,shinhan,335DEPOSIT,7,11585,2016. 04. 13.,3.0,3,3,3,3,"친구들과여행목적으로들고있다
모임돈을조금이라도불리기위해 든 상품도잇다"
125,신한 스마트 적금,shinhan,335DEPOSIT,7,11586,2016. 04. 13.,3.5,3,5,3,3,년 단위로 지출되는 자동차보험을 위해 단기적금을 알아보다가 가입/해지가 간편한 스마트폰적금을 들었습니다. 동일한 가입기간의 작금상품 중에는 평이한 수준의 금리였구요. 주거래은행이라 우대금리 혜택을 다문 0.1%라도 받기 수월하였습니다. 만기시 돈을 찾는 것도 간편하여 좋은 것 같습니다.
126,정기적금,ts_sb,345DEPOSIT,1,11587,2016. 04. 19.,3.75,5,3,3,4,일단 금리에서 매우 만족. 여자친구랑 데이트하고 남은 비용 저축 좀 해보려고 가입. 이율 높은 곳 찾다보니 저축은행을 선택함. 여행 비용으로 쓸 예정입니다. 12개월만 넘어도 3.0%로 고금리… 헤어지더라도 만기는 채우고 가는 걸로 합의봄 ㅎㅎ;
127,e-정기적금,ts_sb,346DEPOSIT,1,11588,2016. 04. 19.,4.0,5,4,4,3,"다른 걸로 가입하려 했는데, 이걸로 하면 금리 더 해준대서 가입했네요. 그냥 정기적금이랑 내용은 다 똑같은데, 이걸로 하면 우대금리 0.1% 더 받고, 이체수수료 면제까지 받을 수 있네요. 총 3.2% 받았네요."
128,정기적금,welcome_sb,355DEPOSIT,1,11589,2016. 04. 13.,2.0,2,2,2,2,"2금융이라 이율도 높고 스마트뱅킹으로도 가입해지가 자유로와 편함 하지만, 저축은행이라 지점이 별루 없어 불편함"
129,정기적금,jtchinae_sb,373DEPOSIT,1,11590,2016. 04. 13.,4.5,5,5,4,4,"헌존하는 금리중 가장 높은 금리를 지급합니다만

저축은행이라 안전성이 낮은 것이 흠입니다"
130,정기적금,ok_sb,375DEPOSIT,4,11591,2016. 04. 13.,2.0,2,2,2,2,"다른것 장단점보다 금리이자가 높은 장점을 보고 최우선적으로 선택함 하지만, 제2금융권이라 좀 거부감이 느껴지는 점, 이미지 관리에 대한 부분을 신경써야할 것 같음"
131,정기적금,ok_sb,375DEPOSIT,4,11592,2016. 04. 13.,2.0,2,2,2,2,"지점이 별로 없어 불편하고, 온라인이나 앱 등으로 상품 가입이나 상담에 대한 접근성이 부족함"
132,정기적금,ok_sb,375DEPOSIT,4,11593,2016. 04. 13.,2.0,2,2,2,2,"1금융권에 비해 이자가 비교적 높다 하지만, 인터넷뱅킹 이용이나 지점수에 있어서는 잘 갖춰져 있지 않다"
133,정기적금,ok_sb,375DEPOSIT,4,11594,2016. 04. 13.,2.0,2,2,2,2,은행지점이 여러군데 있지않아 방문하기가 조금 불편하다
136,퍼스트가계적금 - 정기적립,sc,42DEPOSIT,2,11332,2016. 04. 29.,4.5,5,3,5,5,주거래은행이라 적금상품은 알고있었는데 은행직원분께서 드림팩 세트상품을 알려주셔서 만기시 캐쉬백금액 받을수있게 가입하였어여. 카드새로만들고 금액을 일정 채워야 하는데 카드 포인트도 챙기고 실속도 챙겨서 좋았어요 창구에 직원분도 친절하시구요.^^
137,퍼스트가계적금 - 정기적립,sc,42DEPOSIT,2,11333,2016. 04. 13.,4.25,4,4,4,5,"상품이 타은행에 비해 좋음. 24~36개월 들면 1.9%라 나쁘지 않음 하지만, 온라인 서비스가 좀 더 편했으면"
138,퍼스트가계적금 - 자유적립,sc,43DEPOSIT,3,11334,2016. 07. 01.,3.25,4,3,3,3,자유적립식 적금 찾다가 외국계 은행인 스탠다드차타드 은행이 금리가 다른 곳보다 높아서 가입하게 됐습니다. 다만 외국계이다보니 지점이 많이 없어 조금 불편하다는 점이 있었습니다. 
139,퍼스트가계적금 - 자유적립,sc,43DEPOSIT,3,11335,2016. 04. 13.,4.0,4,4,4,4,가입한지 6개월좀안되지만 가입도인터넷으로 쉽게할수있고 금리도 1.95로 괜찮네요 금리우대가 안되는게 조금 아쉽긴하네요
140,퍼스트가계적금 - 자유적립,sc,43DEPOSIT,3,11336,2016. 04. 13.,2.5,3,3,2,2,대출우대금리 조건이었습니다.
141,주택청약종합저축,kb,46DEPOSIT,10,11337,2016. 04. 20.,4.25,4,3,5,5,"주택청약저축은 꼭 한 개씩은 있어야 된다고 해서 주거래 은행인 국민은행에서 만들었습니다. 행복주택을 신청하거나 할때에도 찾아보니 주택청약저축통장이 필수인 것을 보면, 살면서 꼭 가입해야하는 상품이라는 생각이 듭니다. 학교 근처에 있는 미아점에서 만들었고 국민은행을 갈 때마다 느끼는 것은 행원분들이 친절하다는 점입니다! 하지만, 주거래은행에 의존해서 너무 쉽게 결정한 것 같다는 생각도 드니, 꼭 비교해서 선택하시는 것을 추천드립니다. "
142,주택청약종합저축,kb,46DEPOSIT,10,11338,2016. 04. 13.,2.75,3,2,3,3,우대금리를 받을 수 있어서 상품을 골랐습니다. 모바일로 되기는 하는데 과정이 불편해서 직접 갔습니다.
143,주택청약종합저축,kb,46DEPOSIT,10,11339,2016. 04. 13.,5.0,5,5,5,5,"결혼할때 양가집에 한푼도안받고 오로지 아내와 함께 각자 모은돈을 합쳐서 결혼했고 어느덧 10년이 훌쩍 넘었네요. 공무원이다보니 관사가 나와서 집걱정은 안하고 살았는데 이제 제집이 필요 할 것 같아서 주거래은행인 국민은행에서 내집마런 적금을 들었습니다. 친절하게 설명도 잘해주시고, 공감하는 얘기도 많이 해주시고, 일단 편한 마음으로 적금넣고 들을 수 있어서 좋았습니다"
144,주택청약종합저축,kb,46DEPOSIT,10,11340,2016. 04. 13.,3.0,3,3,3,3,저금을 할 여유가 없지만 주택청약저축은 내집 마련에 한발자국 다가간다는 의미로 저축하는 통장이라 자꾸 꾸준히 하게되네요 일단 금리는 낮지만 임대아파트 청약도 되고 하니 괜히 다들 청약 1순위를 유지하는게 아니겟죠
145,주택청약종합저축,kb,46DEPOSIT,10,11341,2016. 04. 13.,3.5,4,4,3,3,주택 청약을 염두에 두긴 했으나 괜찮은 금리로 적금할 수 있을 것 같아 가입했습니다. 집근처에 지점이 있어 접근성이 좋다는 장점도 있었습니다.
146,주택청약종합저축,kb,46DEPOSIT,10,11342,2016. 04. 13.,3.5,3,3,4,4,"저는 그냥 단순히 적금을 조금씩이라도해서 목돈을 만들고싶어  적금을 들려고 상담했는데 직원분이 청약적금을 권해주셔서 청약적금으로 들게되어서 좋았습니다.

적금상품에 대해서 잘모르는거라...직원분이 잘 설명해주셨어요

그런데 이자는 생각보다 많지는 않더라구요ㅠㅠ

은행이자가 다 그렇다고는 하는데...이자가 낮아서 좀 아쉬운것같아요"
147,주택청약종합저축,kb,46DEPOSIT,10,11343,2016. 04. 13.,4.0,4,4,4,4,주택청약적금의 경우는 금리가 공통으로 적용되어 금리에 대한 장점이나 단점은 없다. 다만 인터넷  또는 모바일을 활용한 가입 또는 해지가 안되어 불편하였다
148,주택청약종합저축,kb,46DEPOSIT,10,11344,2016. 04. 13.,3.0,3,3,3,3,크게불편한점도 없었고 크게 혜택이주어지지도않았음
149,주택청약종합저축,kb,46DEPOSIT,10,11345,2016. 04. 13.,4.75,5,5,5,4,주택구입 목적으로 가입하였습니다
150,주택청약종합저축,kb,46DEPOSIT,10,11346,2016. 04. 13.,3.0,3,3,3,3,자세히 설명해주어 도움이되었다
151,직장인우대적금,kb,47DEPOSIT,13,11347,2016. 10. 15.,3.5,3,1,5,5,직원은 친절했지만 금리자체가 높지 않아서 이윤을 남긴다기보다는 비용을 묶어두는 개념으로 신청했습니다
152,직장인우대적금,kb,47DEPOSIT,13,11348,2016. 05. 18.,3.75,4,3,4,4,"1년 단위로 적금 상품 가입 중에서  금리 괜찮은 상품 추천해서 가입했습니다.
급여이체실적이 있거나, 국민카드 매입실적이 30만원 이상인 경우 추가 금리붙으니 제1금융권에서 나쁘지 않는 금리입니다. 추천합니다."
153,직장인우대적금,kb,47DEPOSIT,13,11349,2016. 05. 08.,4.0,3,5,4,4,"국민은행 계좌로 급여 이체를 하면 전자금융 수수료 면제와 자동화 기기 수수료 면제,외환 수수료 우대 등을 제공하는 상품이라 가입했습니다. 다만, 이외의 혜택말고는 큰 혜택이 있는 것 같지 않아 그렇게 추천을 하고 싶지는 않네요 "
154,직장인우대적금,kb,47DEPOSIT,13,11350,2016. 04. 21.,3.5,3,4,4,3,금리를 생각하면 적금보다는 다른쪽으로 생각하시는것이 나을 듯 해요. 단기간 목돈 모으기에 무난한 상품입니다. 
155,직장인우대적금,kb,47DEPOSIT,13,11351,2016. 04. 20.,3.25,3,2,4,4,온라인으로 접속했을때 보안프로그램 등의 설치사항등으로 불편한 점이 있었습니다. 그 외 서비스나 상품 만족도는 좋았습니다. 
156,직장인우대적금,kb,47DEPOSIT,13,11352,2016. 04. 13.,3.75,4,3,4,4,"장기고객이라 여러가지 수수료가 면제되고 우대 금리가 좋음 하지만, 현금 찾을 때는 여전히 수수료가 듦"
157,직장인우대적금,kb,47DEPOSIT,13,11353,2016. 04. 13.,3.75,4,4,3,4,"상품이 다양하고 인터넷뱅킹이 쉽다 하지만, 상품은 많지만 딱 이거다 라는 상품은 없다"
158,직장인우대적금,kb,47DEPOSIT,13,11354,2016. 04. 13.,4.5,4,4,5,5,괜찮은듯 주거래 고객이다보니 은행 직원도 친절하게 잘 설명해주고 그런듯
159,직장인우대적금,kb,47DEPOSIT,13,11355,2016. 04. 13.,4.0,4,4,4,4,금리가 괜찮아서 좋아요
160,직장인우대적금,kb,47DEPOSIT,13,11356,2016. 04. 13.,3.0,3,3,3,3,이직하고 월급통장이 극민은행이라 통장만들면서 같이 만들었음
161,직장인우대적금,kb,47DEPOSIT,13,11357,2016. 04. 13.,3.25,2,4,4,3,일단 전세자금대출을 받은 상태에서 그 대출 상환을 목적으로 하는 단기 대출을 받고자 은행을 방문하여 상담을 받았습니다. 사실 워낙 저금리 시대라 금리에 큰 기대는 하지 않았지만 생각보다 더 낮은 금리에 놀랐으며 주거래은행임에도 불구하고 우대이율이 하나도 없다는 것에 다시 한번 놀랐습니다. 물론 대출을 받을때는 우대 금리 혜택을 받긴 했지만 대출 받을 때의 금리랑 비교도 안되게 낮은 금리의 대출 상품에 대해서는 많이 안타깝다는 생각을 하였습니다.
162,직장인우대적금,kb,47DEPOSIT,13,11358,2016. 04. 13.,3.5,3,5,3,3,빠듯하지만 목돈이 있어야 갑자기 필요할때 요긴하게 준비할 수있다는 생각으로 꾸준히 적금을 들고는 있는데. 요즘 워낙 금리가 낮다보니 상당히 아쉬운점이 없지 않다. 대부분 상품이 온라인 가입이 가능하기 때문에 가입에 대한 불편함은 없는것같다.
163,직장인우대적금,kb,47DEPOSIT,13,11359,2016. 04. 13.,4.0,4,4,4,4,노후를위해 또애기크니깐 그냥모은다.쉽지않다.열심히살자.내일을위해 저축 또저축 참어렵네요.씀씀이를 많이줄여야되요
164,KB Smart 폰 적금,kb,48DEPOSIT,62,11360,2016. 05. 15.,3.75,4,5,3,3,가입한 커뮤니티에서 KB스마트폰 적금 릴레이가 계속 이어지길래 저도 추천인코드 입력해서 우대금리 받으려 가입했습니다. 모바일로도 가입하고 어플로 볼 수 있어서 편합니다. 
165,KB Smart 폰 적금,kb,48DEPOSIT,62,11361,2016. 04. 28.,4.5,3,5,5,5,"친절하시고  좋았습니다
하지만  주거래  은행이  아니였기  때문에  입출금  통장을   만들어야  하는  불편함이  있었네요"
166,KB Smart 폰 적금,kb,48DEPOSIT,62,11362,2016. 04. 27.,5.0,5,5,5,5,인터넷 검색을 통해서 적금을 쉽게 들 수 있는 모바일 적금이 있어서 푼돈을 모을 겸 적금을 들었어요. 쉽게 모바일로 적금을 드니까 매주 또는 매월 적금하는 재미가 쏠쏠합니다. 동물도 키우고 아이콘적립도하고 하면 우대금리도 받아서 좋아요
167,KB Smart 폰 적금,kb,48DEPOSIT,62,11363,2016. 04. 27.,5.0,5,5,5,5,핸드폰 스마트뱅킹으로 가입했습니다.  별다른 어려운 조건없이도 비교적높은 이율을 받을수있어서 가입했습니다. 스마트뱅킹이라 가입도쉬웠습니다. 락스타관련 상품이있으면 우대 금리가 주어지고 아이콘 적립으로 우대금리를받을수있습니다. 농장을 운영하는식의 적금 방법으로 보는 재미도 있는 적금입니다.
168,KB Smart 폰 적금,kb,48DEPOSIT,62,11364,2016. 04. 27.,4.75,4,5,5,5,락스타 통장과 카드를 만들었더니 우대이율을 줘서 적금만들 생각을 하게 되었습니다. 모바일 농장이라는 시스템이 좋아서 적금도 간편하고 다양하여 자투리돈들을 모으기에 최적인 듯합니다. 
169,KB Smart 폰 적금,kb,48DEPOSIT,62,11365,2016. 04. 21.,3.75,3,4,4,4,"국민은행을 자주 이용하는 편인데, 대학생이었던 저에게 가장 적합한 금융상품을 골라주셨습니다. 적금 금리가 낮은 편이다 보니 조금 망설였었는데, 우대금리를 받을 수 있는 조건을 추천해주셔서 상품 가입을 결정하게 되었습니다. 매우 친절하게 설명해주신 덕분에 그 자리에서 바로 어플리케이션을 다운로드하고 적금상품 가입까지 쉽게 할 수 있었습니다. 비록 목표 기간이었던 2년을 모두 채우지는 못했지만, 금리를 일부 적용받을 수 있었어요. 수입이 일정하지 않은 대학생분들에게 추천합니다! :)"
170,KB Smart 폰 적금,kb,48DEPOSIT,62,11366,2016. 04. 13.,3.25,3,3,4,3,스마트폰적금으로편리하게가입해지할수있는편리성 그러나 스마트폰적금으로 편리하게 가입해지 할 수 있는 편리성
171,KB Smart 폰 적금,kb,48DEPOSIT,62,11367,2016. 04. 13.,4.0,4,4,4,4,주로 스마트폰을 통해 예적금 상품에 가입하는편인데 가입절차.운용 방법 등이 편리하고 자유로워서 좋다 그러나 대체로 만족한다
172,KB Smart 폰 적금,kb,48DEPOSIT,62,11368,2016. 04. 13.,3.75,3,4,4,4,"모바일로 바로 적금을 들수 있어 시간이 없는 직장인들에게는 편리하다.  하지만, 여러가지 다양한 적금이 더 생겼으면 좋겠다. 요새들어 에러가 나는지 원래 들던 신규적금이 안들어져서 불편하기도 하다. "
173,KB Smart 폰 적금,kb,48DEPOSIT,62,11369,2016. 04. 13.,4.0,4,4,4,4,"모바일 가입이 가능하고, 스마트폰적금을 통해 대출 금리도 할인 받았음 하지만, 금리가 높지 않음"
174,KB Smart 폰 적금,kb,48DEPOSIT,62,11370,2016. 04. 13.,3.0,3,3,3,3,폰으로 해서 그런지 혜택이 딱히 없네요 그냥 그랬어요
175,KB Smart 폰 적금,kb,48DEPOSIT,62,11371,2016. 04. 13.,3.0,3,3,3,3,폰으로 하다가 어려워서 ARS로 했는데 엄청 친절하게 해주시네요 근데 우대금리는 여전히 받기 힘들어요
176,KB Smart 폰 적금,kb,48DEPOSIT,62,11372,2016. 04. 13.,2.75,3,3,2,3,폰이라 편리해서 좋았는데 우대금리 받는게 생각보다 빡세네요..
177,KB Smart 폰 적금,kb,48DEPOSIT,62,11373,2016. 04. 13.,3.0,3,3,3,3,금리가 높아서 좋기는 했는데 직원이 생각보다 추천을 많이해주서 조금 짜증났어요 그냥 한 두개만 해도 되는데
178,KB Smart 폰 적금,kb,48DEPOSIT,62,11374,2016. 04. 13.,5.0,5,5,5,5,돈 좀 모아보려고 했어요 스마트폰으로 잘 되어 있어서 좋아요 요새는 참
179,KB Smart 폰 적금,kb,48DEPOSIT,62,11375,2016. 04. 13.,4.0,4,4,4,4,적금을 하고자 여러 은행을 비교해본결과 그나마 낮은 금리지만 국민은행적금이  눈에들어왔습니다.  하지만 이름만 거창하다고 느낄정도로 일반적금과 비교해 별 차이가 없었습니다.
180,KB Smart 폰 적금,kb,48DEPOSIT,62,11376,2016. 04. 13.,3.75,3,4,5,3,분할하여 추천인을 늘리면 추가 금리가 붙어서 금리를 높이는데 용이하였고 소액으로 분할하여 적금하기에 추후에 해약해야할경우 전체해약이 아닌 부분해약이 가능하여 나에게 딱 맞는 적금이라 생각된다
181,KB Smart 폰 적금,kb,48DEPOSIT,62,11377,2016. 04. 13.,3.5,4,4,3,3,핸드폰으로 쉽게 가입하고 해지할 수 있어서 편하고 좋다
182,KB Smart 폰 적금,kb,48DEPOSIT,62,11378,2016. 04. 13.,3.5,4,4,3,3,용돈을 조금씩 모아서 그냥 사용하려고 6개월단기로했는데 금리가 너무 낮긴하더라구요ㅜㅜ 소금액이긴하지만...
183,KB Smart 폰 적금,kb,48DEPOSIT,62,11379,2016. 04. 13.,4.5,5,5,4,4,인터넷금리우대도 되고 잘모르는내용을 친절히 상담해줘서 너무 좋아요~
184,KB Smart 폰 적금,kb,48DEPOSIT,62,11380,2016. 04. 13.,5.0,5,5,5,5,"모바일에서 바로 만들고 할수았다는점이 매우 장점이며 어플에서의 게임처럼접근하는 적금방식이 굉장히 좋고 그로인해받는 우대금리도 괜찮습니다.

반면에 이제는 굉장히 금리가 낮아져서 적금은 사실상 원금보존정도밖에안된다는게 아싑네요"
185,KB Smart 폰 적금,kb,48DEPOSIT,62,11381,2016. 04. 13.,3.0,3,3,3,3,국민은행 kb스마트폰 적금은 가입하지 않아 잘 모르겠습니다
186,KB Smart 폰 적금,kb,48DEPOSIT,62,11382,2016. 04. 13.,3.5,4,4,3,3,"가입이 아주 편리하고

캐릭터들도 귀여워서 적금을 할 수 있는 재미도 있고

금리도 나름 좋고

우대금리도 친구추천같은 제도를 반영해서 받으니 좋다"
187,KB Smart 폰 적금,kb,48DEPOSIT,62,11383,2016. 04. 13.,2.5,2,2,3,3,직원이 다른 상품 권유가 많아 싫었다
188,KB Smart 폰 적금,kb,48DEPOSIT,62,11384,2016. 04. 13.,3.0,3,3,3,3,딱히 투자해야할 곳도 없고 주거래 은행이어서 가입했음
189,KB Smart 폰 적금,kb,48DEPOSIT,62,11385,2016. 04. 13.,4.0,3,3,5,5,"별다른건없었고다른곳과비교를안했다

이유는주거래은행이고국민은행에대한거부감도없고 우대도많이해주는듯하다"
190,KB Smart 폰 적금,kb,48DEPOSIT,62,11386,2016. 04. 13.,3.5,3,5,3,3,재테크 목적으로 목돈만들기 하려고 가입
191,KB Smart 폰 적금,kb,48DEPOSIT,62,11387,2016. 04. 13.,4.0,4,4,4,4,국민스마트적금은 추천을 받아서 금리를 올릴수 있고 월 100만원까지 입금가능해서 사회초년생인 저한터는 매우 적합했습니다.
192,KB Smart 폰 적금,kb,48DEPOSIT,62,11388,2016. 04. 13.,4.0,4,4,4,4,주거래 은행인데 좋은 상품이 나와서 거래할수있어서 넘 좋고 돈도 믿고 맡겨서 저축도하고 많이 모을수있어서 넘 좋음
193,KB Smart 폰 적금,kb,48DEPOSIT,62,11389,2016. 04. 13.,3.75,4,5,3,3,생활비를 쓰고 단돈 1~2만원이라도 그달 남는 돈을 모으기 위해 스마트폰 자유적금을 들었다. 자유적금이기 때문에 부담없고 스마트폰으로 가입하는 적금이라 창구에 방문할 필요가 없어서 좋았다. 그리고 우대 금리를 받기위해 하는 미션응 재미가 있었다. 돈을 더 절약할 수 있게 도와주는 적금이다.
194,KB Smart 폰 적금,kb,48DEPOSIT,62,11390,2016. 04. 13.,5.0,5,5,5,5,그나마 이 상품이 이자가높음
195,KB Smart 폰 적금,kb,48DEPOSIT,62,11391,2016. 04. 13.,2.25,2,4,1,2,"평소 인터넷 뱅킹이나 스마트폰 뱅킹을 많이 이용하다 보니 영업점 방문을 하지 않고 이용할 수 있는 상품에 관심이 많났습니다. 최근에 가입했던 인터넷 커뮤니티 등에서 가입 추천인을 추천받아 서로 맞추 를 하면 서로에게 우대금리가 적용되어 좀 더 높은 금리의 적금 상품을 이용할 수 있다는 정보를 듣고 가입하게 되었고 단기로 종잣돈을 만들기 위해 1년 만기의 상품을 가입하였습니다. 금리는 1.7기본 이율로 생각보다 엄청 낮았고 굿다운로더 이율우대로 0.1 우대, 커뮤니티 상에서 추천받은 것으로 0.1 우대가 된 것이 현재 상태입니다. 아이콘을 적립하여 스마트 폰 내에 농장을 운영하는 운영 실적에 따라서도 일정 운영 정도를 (소액으로 수시 적금이체) 평가하여 추가 이율을 준다고 하여 기본 자동 이체 이외에도 열심히 이체해보지만 생각보다 이율 우대는 적은 것 같아 가입의 편리성 외에는 그닥 별로의 혜택을 가진 상품이라고 생각합니다. "
196,KB Smart 폰 적금,kb,48DEPOSIT,62,11392,2016. 04. 13.,3.25,3,4,3,3,1년 후쯤 여행을 계획하고 있다보니 안정적으로 자금을 모을 수 있는 수단이 필요해서 찾아보던중 스마트폰적금이란것을 알게되어 가입했습니다. 금리가 2%대고 가입이편하며 관리도은행창구이용 대비 훨씬 좋다는 것이 장점이고요. 은행창구와 동일한 예금보호가 돼서 크게 걱정은 안 됩니다. 모바일 전용 상품이라 가입도 편리했는데 우대금리 0.1%를 더 주는 것도 마음에 들었어요. 
197,KB Smart 폰 적금,kb,48DEPOSIT,62,11393,2016. 04. 13.,5.0,5,5,5,5,스마트폰으로 적금 계약 및 해약도 가능해서좋았다
198,KB Smart 폰 적금,kb,48DEPOSIT,62,11394,2016. 04. 13.,3.0,3,3,3,3,올해부터 사업을 시작하려 목돈이 필요했는데 적당한 상품이었다 적전한 금리가 자영업자에게는 도움됨
199,KB Smart 폰 적금,kb,48DEPOSIT,62,11395,2016. 04. 13.,3.5,3,5,3,3,모바일로 수시로 가입가능.적금통장 이름 붙이기 등 편리
200,KB Smart 폰 적금,kb,48DEPOSIT,62,11396,2016. 04. 13.,3.5,3,4,4,3,신입사원이라서 꾸준히 모아서 차사려고하는데 스마트폰적금만큼 금리를 주는데가 잘 없더라구요. 사용해보니 가입절차 뿐만 아니라 돈을 이체하는것도 유용하여 잘 사용하고 있습니다.
201,KB Smart 폰 적금,kb,48DEPOSIT,62,11397,2016. 04. 13.,3.75,3,4,4,4,"농협 비과세적금은  소액으로  부담없이  하면 끝까지 끌어갈수 있을거같아요
국민 스마트적금은  내 맘대로  단돈 천원이라도 편하게  아무때나  소액이라도 눈치 안보고  없는돈이라 생각하고 하면  조금씩 쌓이는 재미가 솔~솔"
202,KB Smart 폰 적금,kb,48DEPOSIT,62,11398,2016. 04. 13.,2.5,3,5,1,1,다른 핸드폰 적금보다 금리가 조금이라도 높아서 가입했어요
203,KB Smart 폰 적금,kb,48DEPOSIT,62,11399,2016. 04. 13.,3.25,3,3,3,4,적금을 들지 않으면 돈을 흥청망청 쓸거 같아서 국민은행 스마트 적금 가입을 했습니다. 덕분에 꽤 많은 돈을 모을 수 있었네요. 이자는 요즘 워낙 금리가 안좋아서 크게 좋지는 않았지만 우대금리가 적용되어서 시중보다 0.4%정도 높은 금리를 받았습니다. 돈 관리의 기본은 적금이라고 하잖아요. 이번건이 끝나면 다시 가입할 생각입니다.
204,KB Smart 폰 적금,kb,48DEPOSIT,62,11400,2016. 04. 13.,3.75,4,4,4,3,스마트폰 적금이기에 쉬운 가입과해지가 가능해편한 반면 이율 높지않다
205,KB Smart 폰 적금,kb,48DEPOSIT,62,11401,2016. 04. 13.,3.75,4,4,3,4,"금리가 너무 낮아 인터넷 검색후 kb스마트 적금이 다소 높아 가입함

가입 절차도 간단하고 편리 한것 같아 향후 온라인 가입하려고 생각함...,"
206,KB Smart 폰 적금,kb,48DEPOSIT,62,11402,2016. 04. 13.,3.25,3,3,4,3,비상금 목적으로 스마트폰으로 가입했는데 가입이 쉬운만큼 해지도 쉬운게 단점이다 
207,KB Smart 폰 적금,kb,48DEPOSIT,62,11403,2016. 04. 13.,4.75,5,5,4,5,단기. 중기 상품을 알아보고 있는데 시장또한 너무 유동적이라 고민이 많았었습니다. 투자성향에 따라 다양한 상품을 제시해주고 알려주셔서 넘 감사했습니다. 금리가 아쉽긴 했지만 전체적으로 그런 것이기에... 어쩔 수 없다고 생각합니다.
208,KB Smart 폰 적금,kb,48DEPOSIT,62,11404,2016. 04. 13.,3.0,3,3,3,3,약간의돈을 편리하게 모으기 위해 선택하였으나 귀찮음을느껴 중도 해지함
209,KB Smart 폰 적금,kb,48DEPOSIT,62,11405,2016. 04. 13.,4.0,4,4,4,4,"아이낳고 기르기위해 적금을 붓는중입니다

스마트폰으로 게임하듯이 돈을 모아서 재미납니다 돈많이모아서 곧 태어날아기가 부족함없이 자라도록 할겁니다"
210,KB Smart 폰 적금,kb,48DEPOSIT,62,11406,2016. 04. 13.,3.5,5,5,1,3,"직장을 다니다보니 직접 은행에 방문해서 상품에 가입하기 어려웠는데요. 이 상품은 스마트폰으로 간단하게 가입이 가능하고, 이것저것 적립하다보면 우대금리까지 받을 수 있어서 재밌어요. 추가 입금도 쉬워서 편하네요."
211,KB Smart 폰 적금,kb,48DEPOSIT,62,11407,2016. 04. 13.,2.75,3,3,3,2,자유롭게할수있어좋은거같습니다
212,KB Smart 폰 적금,kb,48DEPOSIT,62,11408,2016. 04. 13.,4.25,4,5,4,4,은행에 가지 않고 컴퓨터 켜지도 않고 스마트폰으로 소액으로 간편하게 가입할 수 있어서 좋은것 같습니다. 복잡한 절차가 생략되고 보안성도 개인핸드폰으로 하다보니 좋은 것 같아서 추천하고 싶네요. 종이 통장 필요 없는 이런류의 가입상품이 많아지면 좋겠네요.
213,KB Smart 폰 적금,kb,48DEPOSIT,62,11409,2016. 04. 13.,3.75,4,5,3,3,국민은행 스마트폰적금이 가장 금리가 높아 선택했다
214,KB Smart 폰 적금,kb,48DEPOSIT,62,11410,2016. 04. 13.,3.0,2,4,3,3,재테크목적으로 적금을 가입하는데 요즘 금리가 낮아 가입할 상품이 없습니다. 그나마 인터넷으로 쉽게 가입할수 있어 선택했습니다
215,KB Smart 폰 적금,kb,48DEPOSIT,62,11411,2016. 04. 13.,3.0,3,3,3,3,아이둘키우다보면 목돈이 필요한법인데 무엇보다 넣었다뺐다가 다른상품에 비해 용이한게 매력적이았습니다
216,KB Smart 폰 적금,kb,48DEPOSIT,62,11412,2016. 04. 13.,4.0,4,4,4,4,여행계획을 위해적금을 가입했고 적절한 기간을 창구직원이 선정해주어 고마웠음
217,KB Smart 폰 적금,kb,48DEPOSIT,62,11413,2016. 04. 13.,3.25,3,4,3,3,적은 금액이리 편하게 모바일로 가입했음. 금리가 낮은게 좀 아쉽지만 무난함.
218,KB Smart 폰 적금,kb,48DEPOSIT,62,11414,2016. 04. 13.,3.5,4,4,3,3,"스마트 뱅킹이라 적금을 하기 용이하고

당시 이윤도 높은쪽으로 적금을 들었습니다."
219,KB Smart 폰 적금,kb,48DEPOSIT,62,11415,2016. 04. 13.,3.0,3,3,3,3,요즘 금리가 너무 낮다보니 우대금리를 많이 따져보게 되는데 생각보다 우대금리 조건이 까다로워서 좀 아쉽더라구요. 안정성이 떨어지더라도 좀더 금리가 높은 상품으로 택하게 됐고 모바일 상품이라 가입은 편했어요
220,KB Smart 폰 적금,kb,48DEPOSIT,62,11416,2016. 04. 13.,2.5,3,4,1,2,"매월 수입중 정기수입분은 적금에, 비정기수익분은 그때마다 예금신규로 하여 통장을 매달 만들고 있다. 그래서 은행방문이나 다른 절차가 복잡한건 사용이 불편하다. 스마트폰으로 이동중에 간편히 가입할 수 있어 자주 이용한다. 스마트폰을 이용한 계좌개설중에 약관등의 절차나 읽어야할 설명이 너무 많아 불편하긴 하다. 예금 이율도 인터넷보다 우대되어 좋다."
221,KB Smart 폰 적금,kb,48DEPOSIT,62,11417,2016. 04. 13.,3.0,3,3,3,3,안정적으로 할수있어서 좋았습니다
222,KB Smart 폰 적금,kb,48DEPOSIT,62,11418,2016. 04. 13.,3.25,3,5,2,3,"일일히 번거롭게 창구에 찾아가지않아도 온라인, 모바일로 가입이 가능했고 금리도 더 쳐줘서 좋았다 해약할때에도 방문하지않아도 되서 좋았고 만기날짜가 다가올때에 직원이 전화가와서 언제 하시는게 좋겠다고 말도해줘서 좋았다"
223,KB Smart 폰 적금,kb,48DEPOSIT,62,11419,2016. 04. 13.,4.0,4,4,4,4,스마트폰을 사용하고 있는데 스마트폰으로도 쉽고 편하게 적금을 들 수 있는 상품이 나왔다고 해서 가입했습니다. 직원분들도 친절하셨고 처리 시간도 빨라서 좋았습니다 다만 작성해야 될 서류들이 너무 많아서 조금 번거로웠습니다.
224,KB Smart 폰 적금,kb,48DEPOSIT,62,11420,2016. 04. 13.,3.25,4,3,3,3,목돈모으려고 가입했는데 워낙 금리가 낮은시대에 그나마 우대금리른  쉽게 충족해서 편했고 무엇보다 인터넷 스마트폰으로 가입및해지가 편해좋은거 같습니다
225,KB Smart 폰 적금,kb,48DEPOSIT,62,11421,2016. 04. 13.,4.75,4,5,5,5,"가입이 간편하고 이모콘티 활용함으로서 우대 이율도 줘서 좋은것같다

그리고 내맘대로 수시로 저금할수 있어 괜찮은거 같다"
226,KB국민ONE적금(정액적립식),kb,51DEPOSIT,1,11422,2016. 04. 13.,4.0,4,4,4,4,"인터넷 전용 상품이라 들기 편했고, 조건에 따라 금리 우대가 있어 더 좋았습니다. 그리고 4가지 중 하나를 골라 보험 가입도 함께 해주어 이익이 되는 기분이 들었습니다. 국민은행이 주거래 은행인데 제일 안심이 되는데다가 조건에 따라 체크카드 및 입출금 내역이 무료로 문자서비스가 되어 좋습니다. 하지만, 펀드나 다른 파생 상품 가입에 대한 예시나 설명이 적절치 않아 초보는 가입이 어렵게 느껴집니다. 다양한 상품에 대해서 쉽게 설명이 나와있었으면 좋겠습니다."
227,KB통일기원적금,kb,53DEPOSIT,1,11423,2016. 04. 19.,3.75,4,4,3,4,"특별 상품인데 일단 목적이 좋아서 가입했어요. 여기서 나오는 수익 일부를 통일 정책에 지원하는 듯 했고 통일 관련된 우대금리도 많아서 재밌네요. 통일 자체에 큰 관심이 있는 것은 아니지만 그래도 긍정적인 입장이라서요, 통일에 관심 있으신 분들이 가입하면 관리할 때도 재밌을 것 같네요"
228,KB창조금융적금,kb,54DEPOSIT,1,11424,2016. 04. 19.,3.25,3,4,3,3,"음 최고가 3.2%라길래 가입하려봤는데 3년제가 그렇더군요.. 그래도 2년으로 했을 때도 3%정도라서 그냥 가입했어요. 제가 원래 아이디어를 생각하는 걸 좋아하고 적어둔 게 많아서, 그런 걸 등록하면 우대금리를 준다길래 해봤네요. 많이많이 등록해서 우대금리 다 받으려구요."
229,KB내맘대로적금 (자유적립식),kb,55DEPOSIT,4,11425,2016. 04. 13.,3.5,3,3,4,4,"인터넷 전용상품으로 은행창구보다 이자율이 조금 높은데다 창구로 가지 않아도 해지 가능 (인터넷뱅킹 사용 등에 따라 추가이율을 줌) 하지만, 다른 은행보다 예적금 이율이 낮고 대출이자는 높은 편이다"
230,KB내맘대로적금 (자유적립식),kb,55DEPOSIT,4,11426,2016. 04. 13.,4.25,4,4,5,4,"적금을 주로 이용하는데, 다양하게 적금상품의 변경이 가능하다. 하지만, 다만 다른 상품군에 비해 적금은 금리가 낮은 편이다."
231,KB내맘대로적금 (자유적립식),kb,55DEPOSIT,4,11427,2016. 04. 13.,3.5,3,5,3,3,"금리가 높았음 좋겠다

"
232,KB내맘대로적금 (자유적립식),kb,55DEPOSIT,4,11428,2016. 04. 13.,5.0,5,5,5,5,"적금에 가입한지 얼마안되서 조언은 딱히 없습니다..

그치만 작은돈부터 모아서 만기일날 통장을보면 정말뿌듯할거같습니다^^"
233,Welcome 체크플러스2 m정기적금,welcome_sb,577DEPOSIT,1,11597,2016. 10. 20.,3.75,4,5,3,3,모든 저축은행이 적금 이율이 좋은 건 아니더라고요. 핀다 덕택에 이런 상품이 있다는걸 알았습니다. 가까운 지점에서 인터넷뱅킹부터 개설했어요. 적금은 모바일로 가입하고 24개월 3.7% 이율 받고 있습니다. 1금융권에서는 우대 금리 챙겨도 3% 이율 챙기기도 힘들더라고요.
234,e-파워자유적금,kb,57DEPOSIT,3,11429,2016. 05. 10.,2.75,3,2,2,4,"카드 발급하러 지점 방문하다 은행원 상품 권유, 안내 및 홍보 카다록 수급 후, 약 1주일 이후에 지점 재방문. 가입 과정에서는 상품의 장점을 먼저 언급하며, 타 상품보다 좋은 점을 자주 부각. 단점 1마디 하면 장점은 5마디하는 느낌. 타 은행 상품과의 비교 정보가 지점 현장에서 구두로 언급하다보니 정리가 안됨."
235,e-파워자유적금,kb,57DEPOSIT,3,11430,2016. 05. 08.,4.0,3,5,4,4,KB 스타 통장이 있으면 0.3% 우대이율을 준다고 해서 가입하게 됐습니다. 인터넷 뱅킹을 바로 가입할 수 있어서 엄청 편리하다는 점이 제일 좋네요. 국민은행이 주거래 은행이신 분에게 추천합니다. 
236,e-파워자유적금,kb,57DEPOSIT,3,11431,2016. 04. 13.,3.5,3,3,4,4,서비스도좋은것같고 자동적금을부으면 수수료면제부분이있어서가장마음에든다 그러나 금리가 너무 낮은 것 같다
237,위비꿀모아정기적금,woori,584DEPOSIT,1,11598,2016. 06. 29.,5.0,5,5,5,5,만족합니다. 문의가 있을 때 위비톡으로 실시간으로 지원을 받을 수 있어서 빠르게 처리할 수 있었습니다.
238,KB국민프리미엄적금(정액적립식),kb,595DEPOSIT,1,11599,2016. 04. 19.,3.25,4,5,2,2,우대금리 조건이 맞아서 가입했어요. 적금은 우대금리 없으면 금리가 너무 낮아서;; 금액이 크지는 않더라도 금리는 높을 수록 기분도 좋고 해서요.. 
239,KB국민첫재테크적금,kb,60DEPOSIT,7,11432,2016. 04. 27.,4.0,5,5,3,3,"3년 전에 온라인으로 우연히 가입했던 국민첫재테크적금!월복리로 운영되고, 이율도 지금 현재 볼 수 없는 이율이었는데 사회초년생시절에는 이 적금이 얼마나 좋은 적금인지 몰랐어요~재테크에 관심을 갖고 적금에 대해 알아가면서 국민첫재테크 적금은 꼭 가입해야하는 상품임을 알았어요! 더 늦기전에 다들 가입하세요. 추천합니다."
240,KB국민첫재테크적금,kb,60DEPOSIT,7,11433,2016. 04. 27.,3.5,5,3,3,3,"인터넷으로 사전정보를 습득하고 지점에 찾아가서 적금가입을 했다. 대기하는 사람이 많아서인지 고객이 물어보는 것에 대해서만 응대를 해주는 등 소극적인 업무처리가 기억난다.
금리조건은 국민은행 첫 거래로 여러가지 우대를 많이 받았으며 현재도 이 금리 상품을 구할 수 없는 상황이다 "
241,KB국민첫재테크적금,kb,60DEPOSIT,7,11434,2016. 04. 27.,4.0,5,5,1,5,"복리상품이라 부담되지 않는 선에서 3년 적금 붓고 있습니다.
주위 친구에게 추천받아 온라인으로 가입하게 되었는데 재테크를 시작하는 직장인이시라면 필수로 가입하시면 좋을 듯합니다.  "
242,KB국민첫재테크적금,kb,60DEPOSIT,7,11435,2016. 04. 13.,3.0,3,3,3,3,첫재태크 관련 상품을 가입했는데 첫거래 고객에게 추가로 우대금리를 적용해주는 점이 좋았음 그러나 특별 상품이다보니 가입할 수 있는 금액이 적다는 점이 아쉬움
243,KB국민첫재테크적금,kb,60DEPOSIT,7,11436,2016. 04. 13.,3.5,3,3,4,4,"단기소액적금을 자주드는데 직원들 마인드가좋습니다 하지만, 우선 금리가제일걸리는데 어차피 은행자체에서 많이줄수도없는노릇이라 감수하지만 15년 장기거래고객인데 대출이율이라도 특혜를 줬으면합니다"
244,KB국민첫재테크적금,kb,60DEPOSIT,7,11437,2016. 04. 13.,4.0,4,4,4,4,"에적금상품이 다양하고 핸드폰으로 다양하게 들 수 있는 상품이 있어 좋다. 사회초년생으로 첫재테크적금을 가입했는데 결혼 시 담보대출 우대 금리를 받을 수 있어 가입했다 하지만, 은행이다보니.... 먼 지방이 아닌데도 경기도에 지점이 많지 않다"
245,KB국민첫재테크적금,kb,60DEPOSIT,7,11438,2016. 04. 13.,3.75,4,5,3,3,"금리도 좋은 편이고, 복리, 비과세 혜택 적용 등으로 여러모로 유리한 상품. 자동 연장도 용이해 신경쓰지 않고 목돈을 모아둘 수 있어 좋다"
246,KB국군장병우대적금(간부용),kb,62DEPOSIT,4,11439,2016. 05. 01.,3.25,4,3,3,3,"남편이 직업군인이여서 가입한 상품입니다. 무엇보다 금리가 정말 매력적인 상품입니다. 3년 짜리 상품으로 들었고 금리는 정확하게 기억은 안나지만, 5%였던 것 같습니다. 직업 군인인 간부들이면서 주거래 은행이 국민은행이라면 이 상품 꼭 가입하세요! "
247,KB국군장병우대적금(간부용),kb,62DEPOSIT,4,11440,2016. 04. 13.,3.0,3,3,3,3,가족  해외여행자금으로 가입을하였으면  금리가높은편이라  만족
248,KB국군장병우대적금(간부용),kb,62DEPOSIT,4,11441,2016. 04. 13.,5.0,5,5,5,5,저는 1월1일부터 금연을 시작했으며 그래서 1월부터 금연적금15만원 적금을 국민은행 군인전용적금 3년짜리 금리(우대금리)5.5프로으 이율을적용받아 상품에 가입했습니다 일반 이율은 3프로도 안돼는데 군인이라서 혜택이 좋다라는 것을 다시 한번 느끼게 됨
249,KB국군장병우대적금(간부용),kb,62DEPOSIT,4,11442,2016. 04. 13.,3.25,5,2,3,3,"남편이 직업군인이라 가입할수 있었던 적금이예요. 요즘 적금 금리가 1-2%인데

반해, 이 적금은 5%까지 가능해서 매우 만족해요. 가입서류도 많지않고. 단지 직접 창구에 가서 가입해야한다는것, 3년이상은 가입이 어려워 만기후 재가입해야한다는것만 아니면 참 좋아요^^"
250,KB상호부금(자유적립식),kb,64DEPOSIT,3,11443,2016. 04. 13.,3.0,3,3,3,3,장기적금을 찾던 사이에 가입함.
251,KB상호부금(자유적립식),kb,64DEPOSIT,3,11444,2016. 04. 13.,4.0,4,4,4,4,기한은 정해져있지만 자율적금이라 여유돈이 생기면 적금으로 바로 부을수있어 모으는 재미가 쏠쏠한 적금인것같아요 비상금대신해서
252,KB상호부금(자유적립식),kb,64DEPOSIT,3,11445,2016. 04. 13.,4.5,3,5,5,5,태어난 아기를 위해 주거래은행인 국민은행에서 정기적금 두가지를 가입하였습니다. 요즘 금리가높진않지만 우대금리 혜택 받을수있는 조건들이 많이 부족하여 많이 아쉬웠습니딘.
253,위비 꿀적금,woori,6DEPOSIT,1,11299,2016. 04. 13.,3.5,3,5,3,3,작년 말 돈을 모으기 위해 적금을 찾던 중 주거래은행이며 가입이 쉬웠던 우리은행 위비꿀적금을 들었습니다. 금리는 보통이었지만 주거래혜택은 잘 없고 신용카드 금액 사용조건 등 신규고객을 위한 혜택이 위주여서 아쉬었습니다
255,KB매직카적금,kb,70DEPOSIT,1,11446,2016. 04. 20.,4.0,5,5,3,3,딱 차를 사려고 마음 먹고 돈을 모으려고 하는 사람들에게 좋아요. 차 구입에 따라서 우대이율이 있어서요. 저도 타이밍이 맞아서 들었네요 하나 모아서 꼭 사야죠.. 요새 지하철이나 버스를 못타고 다니겠어요 너무 귀찮고 사람도 많아서
256,KB드림톡적금,kb,71DEPOSIT,1,11447,2016. 04. 20.,3.0,4,4,2,2,개인적으로 블로그를 운영하고 있었는데요 이와 관련한 상품이라서 눈이 갔어요. 지정해준 곳에서 블로깅을 해야하지만 뭐 쓰던 글 복사하면 되는 거라서 쉽게 생각하고 가입했습니다. 큰 노력 없이 0.4%면 괜찮아 보였어요.
257,KB사랑나눔적금,kb,72DEPOSIT,2,11448,2016. 04. 13.,3.25,3,3,3,4,제가 기부하는 곳이 조금 많아서 우대이율을 적용받을 수 있어 가입했습니다.
258,KB사랑나눔적금,kb,72DEPOSIT,2,11449,2016. 04. 13.,4.0,5,5,3,3,"사랑나눔적금은 기본 이율이 2.2%에 봉사활동확인과 기부금 영수증,만기시 1004만원이상일때 총 1%의 금리를 더 받을 수 있어서 3.2%의 금리혜택이 있다. 봉사시간과 기부금 금액도 정해져있지 않아서 헌혈과 매월 적은 금액의 기부 영수증을 보여주고 우대금리를 받아 이용 중이다."
260,KB락Star적금,kb,76DEPOSIT,1,11451,2016. 04. 25.,5.0,5,5,5,5,"지금은 없어진 지점이지만, 대학교 입학하고 처음 받은 월급으로 처음 은행에 방문해서 만든 첫 적금통장이었다. 금융상품에 대해 무지한 나에게 행원이 엄청 친절하게 설명해주셔서 국민은행에 대해 좋은 기억이 있고, 5년이 지난 지금도 나의 주거래은행은 국민은행 하나이다.

또한, 아이패드도 비치되어 있어서 대기시간동안 아이패드 가지고 놀면서 기다리는 즐거움도 있었고, 화장실도 지점 내에 있어서 엄청 깨끗했었다.

국민은행 짜응"
261,KB영화사랑적금,kb,78DEPOSIT,1,11452,2016. 04. 13.,4.0,3,5,5,3,"그냥 월급통장 때문에 주거래은행인데, 브랜드 이미지가 좋아서 사용하고 있음. 요즘 국내 영화들 중 500만명 넘는 영화들도 많아서 우대 금리도 잘 받고 있어 좋고, 관심사인 영화와 직결되서 재미도 있음 하지만, 오프라인에서 은행 업무 볼 때 이용자들이 많아 기다리기도 많이 기다리고 업무도 느려서 시간이 많이 걸림"
262,난할수있어 적금2,kebhana,79DEPOSIT,12,11453,2016. 05. 18.,2.25,3,4,1,1,"사실 금리가 그렇게 높지 않아서 들고 싶지는 않았지만, 시중은행의 금리가 거기서 거기이기 때문에 가장 높아 보이는 적금으로 들었습니다. 
모바일이기 때문에 친절도나 전문성을 확인할수는 없었습니다~ "
263,난할수있어 적금2,kebhana,79DEPOSIT,12,11454,2016. 05. 01.,4.25,5,4,4,4,상품가입시 우대받을수있는 조건을 최대한 상세히 알려주시고 많은 혜택받을수있는 도움이됨 고금리 상품으로 저금리시대에 고객들의 주의를끌수있는 상품
264,난할수있어 적금2,kebhana,79DEPOSIT,12,11455,2016. 04. 25.,5.0,5,5,5,5,아주친절한 은행원들에 의해 높은금리 만족스러운 가입하였습니다. 처음 적금가입을 하려고간건 아니였지만 직원의 권유로 소액이지만 높은금리를 알수있었고 저의 첫 적금을 가입할수 있었습니다.
265,난할수있어 적금2,kebhana,79DEPOSIT,12,11456,2016. 04. 13.,3.5,3,4,4,3,"주거래 은행이라서 우대가 있음 하지만, 우대 적용한다고 해도 금리가 그렇게 높지는 않다"
266,난할수있어 적금2,kebhana,79DEPOSIT,12,11457,2016. 04. 13.,3.25,3,3,3,4,"다른 적금상품에 비해서 금리가 조금 더 높다 하지만, 월불입금액이 정해져 있는데 너무 적다. 금액이 좀더 높으면 더 추천할만 할것 같다."
267,난할수있어 적금2,kebhana,79DEPOSIT,12,11458,2016. 04. 13.,3.25,3,4,3,3,"금리가 높았다. 거의 제일 높았던 것 같다.  하지만, 더 많이 붙고 싶은데 한도가 있고 지금은 판매하지 않는다"
268,난할수있어 적금2,kebhana,79DEPOSIT,12,11459,2016. 04. 13.,4.25,5,4,4,4,"높은 금리 때문에 상품 가입했는데 지금은 판매 안되고 있는 상품, 만기 후 자동해지되고 일반 자유입출금 통장으로 입금되어 편하다. 하지만, 대구 내에서는 지점이 한정되어 있어 방문 자체가 불편함"
269,난할수있어 적금2,kebhana,79DEPOSIT,12,11460,2016. 04. 13.,4.25,4,3,5,5,"난 할수 있어 적금 만기후 2번째 상품 가입함

우대금리 조건이 까다롭진 않지만 폰에서안되는게 있어 금리를최대로 받지 못해서아쉬움"
270,난할수있어 적금2,kebhana,79DEPOSIT,12,11461,2016. 04. 13.,4.5,3,5,5,5,"너무 모아둔 돈도 없고 적금을 들어놓은 것이 없어 가입하게 되었습니다. 여행자금이라도 마련할 수 있을 것 같아서요. 하나은행에서 권유전화가 와서 가입하게 되었는데요. 

하나은행 난 할 수 있어2 적금은 1년 기간동안

월 10만원까지 납입할 수 있고 

최대 4.3퍼센트까지 금리가 적용되는 상품입니다. 하나은행의 상품을 이용하시거나 모바일 앱 설치 등의 항목에 우대금리가 적용되어 최대 4.3퍼센트까지 가능합니다. 1년동안 최대로 납입해도 120만원이기 때문에 큰 돈을 만들기는 어렵지만... 금리가 가장 높은 상품이라서 단기간 동안 작은 돈이라도 모으고 싶으신 분께 추천 드리고싶습니다."
271,난할수있어 적금2,kebhana,79DEPOSIT,12,11462,2016. 04. 13.,3.25,3,4,3,3,하나은행 난할수 있어 적금이 이런저런 조건을 채우면 연 5%정도라고해서 가입하러갔는대 한달 10만원정도뿐이 넣을수 없는 소위 미끼상품이어서 실망감이 컸다. 그래도 안넣는거보다 나아서 일단 넣었고 대출로인한 조건으로 1.2%정도의 우리은행 적금도 들었는대 불만족스럽다. 왜 집주인들이 자꾸 월세로 전환하는지 알거같다. 은행에 묶어둔다는것이 이제 무슨 의미가 있나 싶다. 차라리 주식이나 투자등 자산관리로 들어가는것이 치솟는 물가에 대응할수 있는것이 아닌가한다. 부정적이겠지만 나는 은행이 이제 금고의 역할 이외 다른 장점이 보이지 않는것 같다
272,난할수있어 적금2,kebhana,79DEPOSIT,12,11463,2016. 04. 13.,3.0,3,3,3,3,"적금만기 안내 전화를 받은 뒤, 직원의 안내로 가입하게 되었는데

편리하게 가입할 수 있었습니다"
273,난할수있어 적금2,kebhana,79DEPOSIT,12,11464,2016. 04. 13.,4.0,3,5,4,4,"요즘 적금 금리가 낮은데 그나마 평타는 치는 상품이고 은행 방문없이 인터넷으로도 가입 가능한 편리한 상품입니다.



욕심이라면 금리가 조금 더 높았음 하는 바램이죠.

특히 하나은행 주거래 고객한테만이라도 말이죠."
274,우리 스마트폰 적금,woori,7DEPOSIT,10,11300,2016. 04. 13.,4.25,4,4,5,4,스마트폰 적금을 들었는데 금리가 비슷 타적금보다 높아서 좋습니다. 그러나 금리가 조금 높은 만큼 제약조건도 좀 있습니다.
275,우리 스마트폰 적금,woori,7DEPOSIT,10,11301,2016. 04. 13.,4.25,4,4,5,4,"인터넷 상품이라 편하며, 장기거래고객이라 여러 혜택이있음. 물론 우리은행만 이런 장점이 있는것은 아님. 엄밀히 말하면 여태 사용해 온 은행이기때문에 편의상 적금,예금을 사용함. 다른은행이 차별화된 금리를 제시하지 않는 한 보통 많은 사람들은 주거래은행에 적금, 예금을 할 듯. 그러나 금리가 낮음."
276,우리 스마트폰 적금,woori,7DEPOSIT,10,11302,2016. 04. 13.,3.75,3,4,4,4,이 상품은 대출금리를 낮추기위해 가입한 상품이라서 타의적으로 만든거라 별 관심이 없었는데 ..가입도 편하고 금리도 좀 높고 대출금리도 낮추고 해서 좋은상품인거 같다..
277,우리 스마트폰 적금,woori,7DEPOSIT,10,11303,2016. 04. 13.,3.0,3,3,3,3,우대금리가 높음
278,우리 스마트폰 적금,woori,7DEPOSIT,10,11304,2016. 04. 13.,3.0,2,4,3,3,신용 대출시 우대금리 적용을 위해 가입하게 된 인터넷 전용 적금으로 금리나 상품에 대한 메리트 보다는 신용대출의 우대금리 적용을 위해 명목상으로 가입한 적금 상품입니다. 그렇다고 하더라도 창구직원은 설명시 높은 금리에 대한 어필이 필요하다고 생각되는데 신용대출의 우대금리를 위해서는 어쩔 수 없이 들게 될 것이라고 생각해서인지 상품 판매시 그런 홍보는 들을 수 없었던 점이 아쉽게 생각됩니다.
279,우리 스마트폰 적금,woori,7DEPOSIT,10,11305,2016. 04. 13.,3.75,2,5,4,4,모바일로  간편하게 확인후 가입할수 있어 좋았다
280,우리 스마트폰 적금,woori,7DEPOSIT,10,11306,2016. 04. 13.,3.0,2,4,3,3,솔직히 금리가낮아 적금으로 이자를 받고목돈을 마련하는 시대는아닌거같습니다 다만 저같은경우 적금이라는 계기가없으면 돈의지출이 많아져 방지차원으로 가입을 한것입니다. 금리는 2.4%로 우대금리 0.2%가 포함된겁니다 스마트폰적금같은경우 정기적금과 자유적금의 금리차이가 나지는않아 자유적금으로 가입을 했고요 가입절차가 모바일상으로 이루어지는데 창구방문이라는 번거로움이없고 가입이간편해 늘 선호하고있습니다. 무엇보단 해지할때도 간편하다는 장점도있지요 금리도 창구보다높구요 안전과 원금보장때문에 저는 1금융권내지로 선택했고 금리가높아도 2금융권은 염두에두지않았습니다. 앞으로도 저는 모바일상으로 가입하는 상품을 이용할겁니다
281,우리 스마트폰 적금,woori,7DEPOSIT,10,11307,2016. 04. 13.,3.25,2,5,3,3,여유금이 있어서 적금을 가입하였다 스마트폰뱅킹을 통해 가입해서 편리했으나 정확한 이윤및 다른 안내가 없어 불편했다
282,우리 스마트폰 적금,woori,7DEPOSIT,10,11308,2016. 04. 13.,3.0,2,4,3,3,"단기에 잠깐 맡기기에는 모바일 적금은 추천- 직접 은행에 하지않고 모바일로 신규가입 및 해지 편리



하지만 직접 상담받지 않아 적금 비교분석하는데 힘듦"
283,우리 스마트폰 적금,woori,7DEPOSIT,10,11309,2016. 04. 13.,3.25,3,4,3,3,모바일로 가입가능한게 특히 편했습니다
294,애니팡 적금,kebhana,80DEPOSIT,1,11465,2016. 04. 19.,4.5,5,5,4,4,가입했을 당시 이율이 가장 높은 적금이었어요. 우대금리까지 다 합치면 2%대 후반이었는데 그 당시에야 가능한 금리였네요.. 요새는 너무 떨어져서.. 어차피 애니팡 게임을 하고 있던 터라 게임 루비도 10개인가 주고 금리도 높여줘서 너무 당연하게 가입했던 상품이에요. 이렇게 게임이랑 묶어서 나오는 특화 상품이 더 많아졌으면 좋겠네요~
295,e-플러스 적금,kebhana,82DEPOSIT,1,11466,2016. 04. 13.,4.0,3,5,3,5,간단하게 가입할수 있어  편합니다. 다소 금리에 높지 않아 아쉬운점이 있으나 나름대로 장기적금이 아닌관계로  무난하다고 생각합니다
296,나의소원적금,kebhana,84DEPOSIT,1,11467,2016. 04. 13.,4.0,4,4,4,4,다른 은행에비해 금리도 높고 세금우대도 되고 좋더라구요~~~ 근데 1인당 한개밖에 안되고 금액도 소액만되서  좀 아쉽긴해요^^  그래두 요즘같은 저금리시대에 괜찮은 상품인것같아요~~ 추천 꾹 합니다~~~
297,바보의 나눔 적금,kebhana,87DEPOSIT,5,11468,2016. 05. 19.,3.0,4,2,3,3,"입사 전 사회초년생 마이너스통장을 하나은행에서 만들 수 있다는 정보에 하나은행 지점을 방문했습니다. 하지만 마이너스통장은 최종합격 통지가 있기전엔 불가하다는 답과 함께 사회초년생을 위한 적금을 추천받아 가입하게 됐습니다. 애초 목적과 달랐지만, 금리나 친절도에 있어 대체적으로 만족합니다. "
298,바보의 나눔 적금,kebhana,87DEPOSIT,5,11469,2016. 05. 08.,3.75,4,3,4,4,하나은행이 급여통장이다보니 바로 빠져나갈 수 있게 하나은행에서 적금을 찾게 됐습니다. 바보의 나눔적금을 직원이 추천해줘서 가입했습니다. 워낙 저금리인 시대다 보니 이정도 금리도 만족합니다. 
299,바보의 나눔 적금,kebhana,87DEPOSIT,5,11470,2016. 04. 20.,3.5,4,3,3,4,"바보의 나눔 적금입니다.
우대금리 조건이 까다로운 편이지만 바보의나눔재단에 만기해지금의 일부만 기부해서 연말정산시 소득공제 혜택이 있네요 .
바보의나눔같은 경우 하나은행에서 금리가 꽤 높은 적금 상품이라고 합니다

추천해주시니 가입했지요...직장인으로써 시간관계상 여러 은행에 가서 비교해볼수 없다는점이 개인적으로는 많이 아쉽습니다.


"
300,바보의 나눔 적금,kebhana,87DEPOSIT,5,11471,2016. 04. 13.,3.5,4,3,3,4,"알아서 우대금리를 챙겨주고 친절한 직원덕에 거래하기 편한 은행 하지만, 금융 상품이 많이 부족하고 특히 대출상품 등은 제약이 많고 까다로운 편이다."
301,바보의 나눔 적금,kebhana,87DEPOSIT,5,11472,2016. 04. 13.,4.25,5,5,2,5,비과세 안된다고 했다가 된다고 했다가 너무 왔다갔다해서 힘들었어요
302,주택청약종합저축,kebhana,88DEPOSIT,4,11473,2016. 04. 13.,3.5,3,3,4,4,주택청약 상품을 들었는데 친절하고 잘 챙겨주는 은행이다 그러나 업무처리가 느릴 때가 있다
303,주택청약종합저축,kebhana,88DEPOSIT,4,11474,2016. 04. 13.,3.0,3,3,3,3,청약저축 하나은행에 가입한게 좋고 타 거래처보단 나은것 같네요  저축없으신 분들은 하나은행에 가입해도 좋을듯 싶습니다
304,주택청약종합저축,kebhana,88DEPOSIT,4,11475,2016. 04. 13.,3.0,3,3,3,3,"내집이 아직 없어서 순위를 받으려고 인터넷으로 급여이체통장인 하나은행에 내집마룐저축을 시작했다. 금리 부분은 신경쓰지 않았고 인터넷뱅킹으로 손쉽게 진행이 되는 점이 좋았다.
산업은행 저축보험상품 유명한 것을 인터넷에서 보고 30만원 2구좌 10년납을 일년전에 가입했다. 비과세 우대금리라고는 하는데 워낙 저금리라서 앞으로 지속해야할지 고민중이다."
305,주택청약종합저축,kebhana,88DEPOSIT,4,11476,2016. 04. 13.,5.0,5,5,5,5,"주택청약이 필요했는데

모바일로 쉽게 가입이 가능해 좋았다"
306,행복나눔 적금 (정액적립식개인),kebhana,89DEPOSIT,1,11477,2016. 05. 08.,3.5,3,3,4,4,급여통장이 하나은행이여서 바로 빠져나갈 수 있게 적금을 만들어야 목돈을 마련할 수 있겠다는 생각이 들었습니다. 때문에 하나은행 바보의 나눔 적금과 더불어 함께 들게 됐습니다. 급여통장과 적금통장을 같이 하니 조금이나마 목돈 마련하는 데 도움이 되는 느낌이 듭니다. 
307,수요일이 즐거운 iTouch 문화적금,woori,8DEPOSIT,1,11310,2016. 05. 11.,3.25,3,4,3,3,"해당 적금 서비스를 이용하면 3달이상, 적금을 하면, 펜션이나 온천을 무료로 예약할 수 있는 혜택이 있음, "
308,행복나눔 적금 (자유적립식개인),kebhana,91DEPOSIT,3,11478,2016. 04. 27.,4.25,4,4,4,5,첫 적금개설을 하던 중 주거래 은행 상품이 눈에 띄었습니다. 금리 비교는 커녕 아무정보없이 찾아간 지점에서 은행원님께서 친절히 설명해주시며 꼼꼼히 우대금리까지 챙겨주셨어요. 덕분에 제태크에 관심이 생겼답니다.
309,행복나눔 적금 (자유적립식개인),kebhana,91DEPOSIT,3,11479,2016. 04. 13.,3.75,3,4,4,4,"여행자금을 위해 적금을 들었습니다 2,3년짜리로 저금리 시대 큰 기대는 안하지만 주거래은행으로 금리우대 및 자세한안내를받아 가입했습니다 "
310,행복나눔 적금 (자유적립식개인),kebhana,91DEPOSIT,3,11480,2016. 04. 13.,4.0,4,4,4,4,"소액이라도 적금을 할 수 있고, 우대금리도 주어서 좋았습니다. 편리하게 앱을 통해서 가입하는 점도 편했습니다. 

전에 가입한 적금 보다 금리가 낮아서, 다고 아쉬웠지만, 그런대로 만족합니다."
311,우리YG적금,woori,9DEPOSIT,1,11311,2016. 04. 13.,3.0,1,5,3,3,대출금리 우대를 위해 가입함
