,idandtype,productname,company,grade,interest,period,default_rate,target_rate,target,review_counts,average_rate
0,1000P2PINVEST,16303채권 (생활비 목적),peoplefund,6등급,10.0,24개월,0.0,100.0,10000000,21,3.7
1,1001P2PINVEST,16233채권 (생활비 목적),peoplefund,4등급,17.0,24개월,0.0,100.0,6000000,21,3.7
2,1002P2PINVEST,16179채권 (생활비 목적),peoplefund,7등급,18.0,24개월,0.0,100.0,2000000,21,3.7
3,1003P2PINVEST,16142채권 (생활비 목적),peoplefund,7등급,17.0,24개월,0.0,100.0,3000000,21,3.7
4,1004P2PINVEST,16088채권 (생활비 목적),peoplefund,1등급,5.52,24개월,0.0,100.0,21000000,21,3.7
5,1005P2PINVEST,16062채권 (생활비 목적),peoplefund,5등급,7.42,12개월,0.0,100.0,3000000,21,3.7
6,1006P2PINVEST,16357채권 (부업자금 목적),peoplefund,2등급,5.83,12개월,0.0,100.0,1000000,21,3.7
7,1007P2PINVEST,빅마마피자,funda,6등급,12.0,18개월,0.0,100.0,28000000,8,4.8
8,1008P2PINVEST,경기 남양주 금곡리 반도유보라,together,해당없음,13.0,12개월,0.0,100.0,10000000,1,5.0
9,1009P2PINVEST,경기 남양주 장현리 금강펜테리움,together,해당없음,12.0,12개월,0.0,100.0,30000000,1,5.0
10,1010P2PINVEST,16817채권 (생활비 목적),peoplefund,3등급,8.23,24개월,0.0,100.0,26000000,21,3.7
11,1011P2PINVEST,16665채권 (부업자금 목적),peoplefund,2등급,5.12,24개월,0.0,100.0,30000000,21,3.7
12,1012P2PINVEST,16661채권 (생활비 목적),peoplefund,2등급,5.52,12개월,0.0,100.0,24000000,21,3.7
13,1013P2PINVEST,16643채권 (생활비 목적),peoplefund,5등급,8.23,24개월,0.0,100.0,10000000,21,3.7
14,1014P2PINVEST,16580채권 (차량 구입 목적),peoplefund,7등급,17.0,24개월,0.0,100.0,11000000,21,3.7
15,1015P2PINVEST,16566채권 (생활비 목적),peoplefund,5등급,8.23,24개월,0.0,100.0,30000000,21,3.7
16,1016P2PINVEST,15892채권 (기존 대출 전환 목적),peoplefund,6등급,14.0,24개월,0.0,100.0,5000000,21,3.7
17,1017P2PINVEST,개별채권 1호,honestfund,6등급,8.94,24개월,1.0,100.0,10000000,12,4.3
18,1018P2PINVEST,개별채권 2호,honestfund,2등급,9.33,36개월,1.0,100.0,10000000,12,4.3
19,1019P2PINVEST,개별채권 3호,honestfund,6등급,11.0,12개월,1.0,100.0,3000000,12,4.3
20,1020P2PINVEST,개별채권 4호,honestfund,3등급,7.9,24개월,1.0,100.0,6000000,12,4.3
21,1021P2PINVEST,개별채권 5호,honestfund,5등급,7.33,24개월,0.0,100.0,15000000,12,4.3
22,1022P2PINVEST,개별채권 6호,honestfund,6등급,9.33,18개월,1.0,100.0,10000000,12,4.3
23,1023P2PINVEST,개별채권 7호,honestfund,1등급,5.15,24개월,0.0,100.0,25000000,12,4.3
24,1024P2PINVEST,개별채권 8호,honestfund,3등급,5.43,12개월,0.0,100.0,5000000,12,4.3
25,1025P2PINVEST,개별채권 9호,honestfund,5등급,9.33,18개월,1.0,100.0,18000000,12,4.3
26,1026P2PINVEST,개별채권 10호,honestfund,7등급,14.0,12개월,2.0,100.0,5000000,12,4.3
27,1027P2PINVEST,개별채권 11호,honestfund,7등급,7.9,18개월,1.0,100.0,10000000,12,4.3
28,1028P2PINVEST,개별채권 12호,honestfund,4등급,8.93,18개월,1.0,100.0,15000000,12,4.3
29,1029P2PINVEST,개별채권 13호,honestfund,5등급,10.0,12개월,1.0,100.0,5000000,12,4.3
30,1030P2PINVEST,개별채권 14호,honestfund,5등급,12.0,24개월,1.0,100.0,8000000,12,4.3
31,1031P2PINVEST,개별채권 15호,honestfund,5등급,10.0,12개월,1.0,100.0,15000000,12,4.3
32,1032P2PINVEST,개별채권 16호,honestfund,5등급,10.0,12개월,1.0,100.0,10000000,12,4.3
33,1033P2PINVEST,개별채권 17호,honestfund,5등급,11.0,12개월,1.0,100.0,1200000,12,4.3
34,1034P2PINVEST,개별채권 18호,honestfund,6등급,9.33,12개월,1.0,100.0,600000,12,4.3
35,1035P2PINVEST,개별채권 19호,honestfund,5등급,11.0,12개월,1.0,100.0,10000000,12,4.3
36,1036P2PINVEST,개별채권 20호,honestfund,6등급,10.0,24개월,1.0,100.0,50000000,12,4.3
37,1037P2PINVEST,개별채권 21호,honestfund,4등급,8.3,18개월,1.0,100.0,20000000,12,4.3
38,1038P2PINVEST,개별채권 22호,honestfund,4등급,8.93,12개월,1.0,100.0,6000000,12,4.3
39,1039P2PINVEST,개별채권 23호,honestfund,6등급,9.33,24개월,1.0,100.0,15000000,12,4.3
40,1040P2PINVEST,개별채권 24호,honestfund,6등급,12.0,18개월,1.0,100.0,15000000,12,4.3
41,1041P2PINVEST,개별채권 25호,honestfund,3등급,9.33,18개월,1.0,100.0,10000000,12,4.3
42,1042P2PINVEST,개별채권 26호,honestfund,3등급,9.33,18개월,1.0,100.0,15000000,12,4.3
43,1043P2PINVEST,개별채권 27호,honestfund,3등급,11.0,12개월,1.0,100.0,20000000,12,4.3
44,1044P2PINVEST,개별채권 28호,honestfund,5등급,12.0,18개월,1.0,100.0,10000000,12,4.3
45,1045P2PINVEST,개별채권 29호,honestfund,1등급,8.3,18개월,1.0,100.0,10000000,12,4.3
46,1046P2PINVEST,개별채권 30호,honestfund,4등급,9.33,12개월,1.0,100.0,5000000,12,4.3
47,1047P2PINVEST,개별채권 31호,honestfund,5등급,10.0,18개월,1.0,100.0,10000000,12,4.3
48,1048P2PINVEST,개별채권 32호,honestfund,6등급,11.0,12개월,1.0,100.0,40000000,12,4.3
49,1049P2PINVEST,개별채권 33호,honestfund,4등급,10.0,12개월,1.0,100.0,8000000,12,4.3
50,1050P2PINVEST,개별채권 34호,honestfund,5등급,11.0,18개월,1.0,100.0,7000000,12,4.3
51,1051P2PINVEST,개별채권 35호,honestfund,5등급,12.0,12개월,1.0,100.0,10000000,12,4.3
52,1052P2PINVEST,개별채권 36호,honestfund,3등급,10.0,18개월,1.0,100.0,60000000,12,4.3
53,1053P2PINVEST,개별채권 37호,honestfund,6등급,12.0,12개월,1.0,100.0,6000000,12,4.3
54,1054P2PINVEST,개별채권 38호,honestfund,4등급,12.0,18개월,1.0,100.0,14000000,12,4.3
55,1055P2PINVEST,개별채권 39호,honestfund,4등급,12.0,12개월,1.0,100.0,3000000,12,4.3
56,1056P2PINVEST,개별채권 40호,honestfund,1등급,8.3,24개월,1.0,100.0,30000000,12,4.3
57,1057P2PINVEST,개별채권 41호,honestfund,1등급,8.3,12개월,1.0,100.0,5000000,12,4.3
58,1058P2PINVEST,개별채권 42호,honestfund,2등급,8.3,18개월,1.0,100.0,20000000,12,4.3
59,1059P2PINVEST,개별채권 43호,honestfund,3등급,9.33,24개월,1.0,100.0,10000000,12,4.3
60,1060P2PINVEST,개별채권 44호,honestfund,4등급,9.33,12개월,1.0,100.0,5000000,12,4.3
61,1061P2PINVEST,포트폴리오 1호,honestfund,4.2등급,10.0,12개월,0.0,100.0,600000000,12,4.3
62,1062P2PINVEST,포트폴리오 2호,honestfund,3.91등급,10.0,18개월,0.0,100.0,707000000,12,4.3
63,1063P2PINVEST,스페셜딜 1호,honestfund,1등급,8.3,24개월,0.0,100.0,200000000,12,4.3
64,1064P2PINVEST,스페셜딜 2호,honestfund,1등급,9.0,12개월,0.0,100.0,200000000,12,4.3
65,1065P2PINVEST,포트폴리오 3호,honestfund,3.84등급,10.0,18개월,0.0,100.0,815000000,12,4.3
66,1066P2PINVEST,스페셜딜 3호,honestfund,7등급,12.0,12개월,1.0,100.0,200000000,12,4.3
67,1067P2PINVEST,포트폴리오 4호,honestfund,3.56등급,10.0,18개월,0.0,100.0,954000000,12,4.3
68,1068P2PINVEST,개별채권 45호,honestfund,1등급,6.77,12개월,0.0,100.0,17000000,12,4.3
69,1069P2PINVEST,개별채권 46호,honestfund,5등급,12.0,24개월,2.0,100.0,15000000,12,4.3
70,1070P2PINVEST,개별채권 47호,honestfund,5등급,11.0,24개월,2.0,100.0,3000000,12,4.3
71,1071P2PINVEST,개별채권 48호,honestfund,4등급,9.27,18개월,1.0,100.0,19000000,12,4.3
72,1072P2PINVEST,개별채권 49호,honestfund,3등급,10.0,24개월,1.0,100.0,20000000,12,4.3
73,1073P2PINVEST,개별채권 50호,honestfund,1등급,6.95,12개월,0.0,100.0,10000000,12,4.3
74,1074P2PINVEST,개별채권 51호,honestfund,3등급,10.0,24개월,1.0,100.0,10000000,12,4.3
75,1075P2PINVEST,개별채권 52호,honestfund,2등급,6.95,6개월,0.0,100.0,10000000,12,4.3
76,1076P2PINVEST,개별채권 53호,honestfund,3등급,7.37,24개월,1.0,100.0,15000000,12,4.3
77,1077P2PINVEST,개별채권 54호,honestfund,3등급,7.93,18개월,1.0,100.0,10000000,12,4.3
78,1078P2PINVEST,개별채권 55호,honestfund,6등급,12.0,24개월,2.0,100.0,22000000,12,4.3
79,1079P2PINVEST,개별채권 56호,honestfund,4등급,10.0,24개월,1.0,100.0,20000000,12,4.3
80,1080P2PINVEST,개별채권 57호,honestfund,5등급,11.0,24개월,2.0,100.0,20000000,12,4.3
81,1081P2PINVEST,개별채권 58호,honestfund,6등급,10.0,18개월,2.0,100.0,10000000,12,4.3
82,1082P2PINVEST,개별채권 59호,honestfund,6등급,13.0,24개월,2.0,100.0,12000000,12,4.3
83,1083P2PINVEST,개별채권 60호,honestfund,1등급,6.95,18개월,0.0,100.0,10000000,12,4.3
84,1084P2PINVEST,개별채권 61호,honestfund,4등급,10.0,24개월,1.0,100.0,15000000,12,4.3
85,1085P2PINVEST,개별채권 62호,honestfund,4등급,10.0,24개월,1.0,100.0,22000000,12,4.3
86,1086P2PINVEST,개별채권 63호,honestfund,5등급,10.0,12개월,2.0,100.0,11000000,12,4.3
87,1087P2PINVEST,개별채권 64호,honestfund,5등급,11.0,12개월,2.0,100.0,4000000,12,4.3
88,1088P2PINVEST,개별채권 65호,honestfund,2등급,7.93,24개월,1.0,100.0,3000000,12,4.3
89,1089P2PINVEST,개별채권 66호,honestfund,5등급,11.0,24개월,2.0,100.0,12000000,12,4.3
90,1090P2PINVEST,개별채권 67호,honestfund,5등급,11.0,24개월,2.0,100.0,11000000,12,4.3
91,1091P2PINVEST,개별채권 68호,honestfund,4등급,10.0,24개월,1.0,100.0,15000000,12,4.3
92,1092P2PINVEST,개별채권 69호,honestfund,2등급,7.11,12개월,0.0,100.0,15000000,12,4.3
93,1093P2PINVEST,개별채권 70호,honestfund,2등급,8.61,24개월,1.0,100.0,15000000,12,4.3
94,1094P2PINVEST,개별채권 71호,honestfund,1등급,7.11,18개월,0.0,100.0,20000000,12,4.3
95,1095P2PINVEST,개별채권 72호,honestfund,6등급,15.0,24개월,3.0,100.0,5000000,12,4.3
96,1096P2PINVEST,개별채권 73호,honestfund,2등급,8.61,30개월,1.0,100.0,20000000,12,4.3
97,1097P2PINVEST,개별채권 74호,honestfund,2등급,7.11,12개월,0.0,100.0,20000000,12,4.3
98,1098P2PINVEST,개별채권 75호,honestfund,5등급,12.0,24개월,2.0,100.0,3000000,12,4.3
99,1099P2PINVEST,개별채권 76호,honestfund,1등급,7.11,30개월,0.0,100.0,15000000,12,4.3
100,1100P2PINVEST,개별채권 77호,honestfund,5등급,10.0,24개월,1.0,100.0,15000000,12,4.3
101,1101P2PINVEST,개별채권 78호,honestfund,3등급,9.54,24개월,1.0,100.0,15000000,12,4.3
102,1102P2PINVEST,개별채권 79호,honestfund,6등급,14.0,24개월,3.0,100.0,15000000,12,4.3
103,1103P2PINVEST,개별채권 80호,honestfund,3등급,7.37,18개월,1.0,100.0,15000000,12,4.3
104,1104P2PINVEST,개별채권 81호,honestfund,4등급,10.0,24개월,1.0,100.0,20000000,12,4.3
105,1105P2PINVEST,개별채권 82호,honestfund,5등급,9.54,18개월,1.0,100.0,8000000,12,4.3
106,1106P2PINVEST,개별채권 83호,honestfund,3등급,8.61,24개월,1.0,100.0,6000000,12,4.3
107,1107P2PINVEST,개별채권 84호,honestfund,5등급,9.81,12개월,1.0,100.0,15000000,12,4.3
108,1108P2PINVEST,개별채권 85호,honestfund,3등급,9.27,24개월,1.0,100.0,7000000,12,4.3
109,1109P2PINVEST,개별채권 86호,honestfund,5등급,12.0,24개월,2.0,100.0,10000000,12,4.3
110,1110P2PINVEST,개별채권 87호,honestfund,4등급,9.81,24개월,1.0,100.0,25000000,12,4.3
111,1111P2PINVEST,개별채권 88호,honestfund,6등급,13.0,18개월,2.0,100.0,7000000,12,4.3
112,1112P2PINVEST,개별채권 89호,honestfund,4등급,10.0,18개월,1.0,100.0,13000000,12,4.3
113,1113P2PINVEST,개별채권 90호,honestfund,2등급,7.93,30개월,1.0,100.0,25000000,12,4.3
114,1114P2PINVEST,개별채권 91호,honestfund,4등급,10.0,24개월,1.0,100.0,10000000,12,4.3
115,1115P2PINVEST,개별채권 92호,honestfund,6등급,13.0,24개월,2.0,100.0,10000000,12,4.3
116,1116P2PINVEST,개별채권 93호,honestfund,3등급,9.27,24개월,1.0,100.0,28000000,12,4.3
117,1117P2PINVEST,개별채권 94호,honestfund,3등급,7.93,18개월,1.0,100.0,7000000,12,4.3
118,1118P2PINVEST,개별채권 95호,honestfund,4등급,9.27,12개월,1.0,100.0,6000000,12,4.3
119,1119P2PINVEST,개별채권 96호,honestfund,5등급,10.0,18개월,1.0,100.0,10500000,12,4.3
120,1120P2PINVEST,개별채권 97호,honestfund,6등급,15.0,24개월,3.0,100.0,9000000,12,4.3
121,1121P2PINVEST,개별채권 98호,honestfund,2등급,7.11,12개월,0.0,100.0,10000000,12,4.3
122,1122P2PINVEST,스페셜딜 4호,honestfund,5등급,10.0,9개월,0.0,100.0,150000000,12,4.3
123,1123P2PINVEST,개별채권 99호,honestfund,6등급,13.0,24개월,2.0,100.0,10000000,12,4.3
124,1124P2PINVEST,개별채권 100호,honestfund,5등급,10.0,12개월,1.0,100.0,7000000,12,4.3
125,1125P2PINVEST,개별채권 101호,honestfund,5등급,10.0,24개월,2.0,100.0,15000000,12,4.3
126,1126P2PINVEST,개별채권 102호,honestfund,2등급,7.93,18개월,1.0,100.0,8000000,12,4.3
127,1127P2PINVEST,포트폴리오 5호,honestfund,3.98등급,11.0,18개월,0.0,100.0,620000000,12,4.3
128,1128P2PINVEST,개별채권 103호,honestfund,4등급,9.81,24개월,1.0,100.0,9000000,12,4.3
129,1129P2PINVEST,개별채권 104호,honestfund,3등급,8.61,24개월,1.0,100.0,20000000,12,4.3
130,1130P2PINVEST,개별채권 105호,honestfund,3등급,9.81,24개월,1.0,100.0,5000000,12,4.3
131,1131P2PINVEST,개별채권 106호,honestfund,5등급,12.0,24개월,2.0,100.0,20000000,12,4.3
132,1132P2PINVEST,개별채권 107호,honestfund,5등급,10.0,18개월,1.0,100.0,10000000,12,4.3
133,1133P2PINVEST,개별채권 108호,honestfund,5등급,11.0,24개월,2.0,100.0,15000000,12,4.3
134,1134P2PINVEST,개별채권 109호,honestfund,4등급,9.81,24개월,1.0,100.0,5000000,12,4.3
135,1135P2PINVEST,개별채권 110호,honestfund,6등급,15.0,24개월,3.0,100.0,3000000,12,4.3
136,1136P2PINVEST,개별채권 111호,honestfund,5등급,9.81,18개월,1.0,100.0,15000000,12,4.3
137,1137P2PINVEST,개별채권 112호,honestfund,1등급,6.77,12개월,0.0,100.0,20000000,12,4.3
138,1138P2PINVEST,개별채권 113호,honestfund,4등급,9.81,18개월,1.0,100.0,5000000,12,4.3
139,1139P2PINVEST,개별채권 114호,honestfund,2등급,7.11,12개월,0.0,100.0,5000000,12,4.3
140,1140P2PINVEST,개별채권 115호,honestfund,6등급,15.0,24개월,3.0,100.0,20000000,12,4.3
141,1141P2PINVEST,개별채권 116호,honestfund,2등급,7.93,12개월,1.0,100.0,3000000,12,4.3
142,1142P2PINVEST,개별채권 117호,honestfund,5등급,11.0,24개월,2.0,100.0,20000000,12,4.3
143,1143P2PINVEST,개별채권 118호,honestfund,2등급,8.61,18개월,1.0,100.0,10000000,12,4.3
144,1144P2PINVEST,개별채권 119호,honestfund,4등급,9.81,12개월,1.0,100.0,20000000,12,4.3
145,1145P2PINVEST,개별채권 120호,honestfund,2등급,6.77,12개월,0.0,100.0,8000000,12,4.3
146,1146P2PINVEST,개별채권 121호,honestfund,3등급,8.61,12개월,1.0,100.0,10000000,12,4.3
147,1147P2PINVEST,개별채권 122호,honestfund,4등급,11.0,18개월,2.0,100.0,8000000,12,4.3
148,1148P2PINVEST,개별채권 123호,honestfund,3등급,10.0,24개월,1.0,100.0,7000000,12,4.3
149,1149P2PINVEST,개별채권 124호,honestfund,3등급,9.81,24개월,1.0,100.0,3000000,12,4.3
150,1150P2PINVEST,개별채권 125호,honestfund,6등급,13.0,24개월,2.0,100.0,15000000,12,4.3
151,1151P2PINVEST,개별채권 126호,honestfund,5등급,12.0,24개월,2.0,100.0,7000000,12,4.3
152,1152P2PINVEST,포트폴리오 6호,honestfund,4등급,12.0,18개월,0.0,100.0,1152000000,12,4.3
153,1153P2PINVEST,포트폴리오 7호,honestfund,3.98등급,11.0,18개월,0.0,100.0,1140000000,12,4.3
154,1154P2PINVEST,포트폴리오 8호,honestfund,3.75등급,11.0,18개월,0.0,100.0,1360000000,12,4.3
155,1155P2PINVEST,압구정칼국수,funda,6등급,12.0,12개월,0.0,100.0,58000000,8,4.8
156,1156P2PINVEST,제33호 서울 강서구 방화동 오피스텔 및 상가,sodit,해당없음,14.0,6개월,0.0,100.0,300000000,5,4.8
157,1157P2PINVEST,서울 송파 신천동 진주아파트,together,해당없음,12.0,12개월,0.0,100.0,30000000,1,5.0
158,1158P2PINVEST,인천 강화 창리 세광엔리치빌,together,해당없음,12.0,12개월,0.0,100.0,20000000,1,5.0
159,1159P2PINVEST,서울 양천 신월동 에델팰리스,together,해당없음,13.0,12개월,0.0,100.0,10000000,1,5.0
160,1160P2PINVEST,16375채권 (생활비 목적),peoplefund,7등급,17.0,24개월,0.0,100.0,4000000,21,3.7
161,1161P2PINVEST,16888채권 (생활비 목적),peoplefund,6등급,13.0,24개월,0.0,100.0,1000000,21,3.7
162,1162P2PINVEST,17168채권 (생활비 목적),peoplefund,6등급,15.0,24개월,0.0,100.0,5000000,21,3.7
163,1163P2PINVEST,17128채권 (기존 대출 전환 목적),peoplefund,6등급,15.0,24개월,0.0,100.0,13000000,21,3.7
164,1164P2PINVEST,17112채권 (기존 대출 전환 목적),peoplefund,5등급,8.58,24개월,0.0,100.0,9000000,21,3.7
165,1165P2PINVEST,17014채권 (기존 대출 전환 목적),peoplefund,7등급,18.0,24개월,0.0,100.0,8000000,21,3.7
166,1166P2PINVEST,16803채권 (생활비 목적),peoplefund,5등급,7.81,24개월,0.0,100.0,7000000,21,3.7
167,1167P2PINVEST,16736채권 (투자 목적),peoplefund,4등급,6.67,12개월,0.0,100.0,14000000,21,3.7
168,1168P2PINVEST,제34호 경기 포천시 신북면 기지리 공장,sodit,해당없음,14.0,6개월,0.0,100.0,300000000,5,4.8
169,1169P2PINVEST,펀듀 37호,fundu,해당없음,16.0,3개월,0.0,100.0,600000000,3,4.0
170,1170P2PINVEST,제주 오라동 근린시설 및 단독주택,together,해당없음,14.0,12개월,0.0,100.0,250000000,1,5.0
171,1171P2PINVEST,경기 이천 중리동 이천라온팰리스,together,해당없음,12.0,12개월,0.0,100.0,50000000,1,5.0
172,1172P2PINVEST,경기 하남 망월동 미사강변도시,together,해당없음,12.0,12개월,0.0,100.0,90000000,1,5.0
173,1173P2PINVEST,17303채권 (기존 대출 전환 목적),peoplefund,7등급,17.0,24개월,0.0,100.0,10000000,21,3.7
174,1174P2PINVEST,17296채권 (기존 대출 전환 목적),peoplefund,4등급,7.81,24개월,0.0,100.0,30000000,21,3.7
175,1175P2PINVEST,17162채권 (전월세보증금 목적),peoplefund,5등급,10.0,24개월,0.0,100.0,9000000,21,3.7
176,1176P2PINVEST,17084채권 (생활비 목적),peoplefund,2등급,5.12,24개월,0.0,100.0,3000000,21,3.7
177,1177P2PINVEST,16657채권 (생활비 목적),peoplefund,3등급,6.29,24개월,0.0,100.0,26000000,21,3.7
178,1178P2PINVEST,17941채권 (기존 대출 전환 목적),peoplefund,5등급,10.0,24개월,0.0,100.0,12000000,21,3.7
179,1179P2PINVEST,17751채권 (기존 대출 전환 목적),peoplefund,3등급,5.52,24개월,0.0,100.0,15000000,21,3.7
180,1180P2PINVEST,포트폴리오 9호,honestfund,3.75등급,10.0,18개월,0.0,100.0,1130000000,12,4.3
181,1181P2PINVEST,펀듀 38호,fundu,해당없음,15.0,3개월,0.0,100.0,200000000,3,4.0
182,1182P2PINVEST,18040채권 (기존 대출 전환 목적),peoplefund,6등급,10.0,24개월,0.0,100.0,12000000,21,3.7
183,1183P2PINVEST,17976채권 (기존 대출 전환 목적),peoplefund,6등급,9.73,24개월,0.0,100.0,11000000,21,3.7
184,1184P2PINVEST,제35호 강원 강릉시 근린상가(배당금 담보 대출),sodit,해당없음,12.0,3개월,0.0,100.0,300000000,5,4.8
185,1185P2PINVEST,모토 일식,funda,5등급,12.0,18개월,0.0,100.0,60000000,8,4.8
186,1186P2PINVEST,경기 남양주 도곡리 덕소두산위브,together,해당없음,12.0,12개월,0.0,100.0,32000000,1,5.0
187,1187P2PINVEST,서울 양천 목동 동구햇살아파트,together,해당없음,12.0,12개월,0.0,100.0,30000000,1,5.0
188,1188P2PINVEST,펀듀 39호,fundu,해당없음,15.0,5개월,0.0,100.0,400000000,3,4.0
189,1189P2PINVEST,18339채권 (기존 대출 전환 목적),peoplefund,4등급,6.29,24개월,0.0,100.0,6000000,21,3.7
190,1190P2PINVEST,제36호 경기 화성시 정남면 공장,sodit,해당없음,14.0,8개월,0.0,100.0,250000000,5,4.8
191,1191P2PINVEST,서울 강남 도곡동 우성아파트,together,해당없음,12.0,12개월,0.0,100.0,140000000,1,5.0
192,1192P2PINVEST,18622채권 (기존 대출 전환 목적),peoplefund,5등급,7.08,24개월,0.0,100.0,6000000,21,3.7
193,1193P2PINVEST,18250채권 (생활비 목적),peoplefund,5등급,9.73,24개월,0.0,100.0,10000000,21,3.7
194,1194P2PINVEST,18067채권 (투자 목적),peoplefund,3등급,7.08,24개월,0.0,100.0,18000000,21,3.7
195,1195P2PINVEST,여의도 비어,funda,7등급,12.0,18개월,0.0,100.0,50000000,8,4.8
196,1196P2PINVEST,서울 마포 합정동 근린생활주택,together,해당없음,13.0,12개월,0.0,100.0,250000000,1,5.0
197,1197P2PINVEST,청춘아레나 콘서트 진행자금 펀딩,cso,해당없음,12.0,1개월,0.0,100.0,100000000,3,5.0
198,1198P2PINVEST,한류연예인 우표제작 자금 펀딩,cso,해당없음,14.0,2개월,0.0,100.0,300000000,3,5.0
199,1199P2PINVEST,제13차 견과류 구매자금 펀딩,cso,해당없음,12.0,6개월,0.0,100.0,400000000,3,5.0
200,1200P2PINVEST,유색보석 액세서리 담보 펀딩,cso,해당없음,12.0,2개월,0.0,100.0,72000000,3,5.0
201,1201P2PINVEST,제12차 견과류 구매자금 펀딩,cso,해당없음,12.0,2개월,0.0,100.0,400000000,3,5.0
202,1202P2PINVEST,수산물 구매자금 펀딩,cso,해당없음,12.0,1개월,0.0,100.0,50000000,3,5.0
203,1203P2PINVEST,식재료납품업체 사업자금 펀딩,cso,해당없음,13.0,3개월,0.0,100.0,100000000,3,5.0
204,1204P2PINVEST,라구나비치진 사업자금 펀딩,cso,해당없음,12.0,3개월,0.0,100.0,100000000,3,5.0
205,1205P2PINVEST,제11차 견과류 구매자금,cso,해당없음,12.0,2개월,0.0,100.0,100000000,3,5.0
206,1206P2PINVEST,명품시계 담보 펀딩,cso,해당없음,12.0,2개월,0.0,100.0,70000000,3,5.0
207,1207P2PINVEST,제10차 견과류 구매자금 펀딩,cso,해당없음,12.0,2개월,0.0,100.0,200000000,3,5.0
208,1208P2PINVEST,썸데이이프 사업자금,cso,해당없음,12.0,6개월,0.0,100.0,90000000,3,5.0
209,1209P2PINVEST,테라솔루션뱅크 사업확장 자금,cso,해당없음,11.0,18개월,0.0,100.0,150000000,3,5.0
210,1210P2PINVEST, 제 1차 순금 상품,cso,해당없음,12.0,6개월,0.0,100.0,15000000,3,5.0
211,1211P2PINVEST,귀금속 담보 펀딩,cso,해당없음,12.0,1개월,0.0,100.0,60000000,3,5.0
212,1212P2PINVEST,다이아 반지와 골드바,cso,해당없음,12.0,2개월,0.0,100.0,100000000,3,5.0
213,1213P2PINVEST,제9차 견과류 구매자금,cso,해당없음,12.0,2개월,0.0,100.0,220000000,3,5.0
214,1214P2PINVEST,제8차 견과류 구매자금,cso,해당없음,13.0,2개월,0.0,100.0,220000000,3,5.0
215,1215P2PINVEST,제6차 순금 상품,cso,해당없음,11.0,2개월,0.0,100.0,13000000,3,5.0
216,1216P2PINVEST,제4차 축산 구매자금,cso,해당없음,10.0,1개월,0.0,100.0,105000000,3,5.0
217,1217P2PINVEST,명품시계와 보석 반지,cso,해당없음,12.0,1개월,0.0,100.0,48000000,3,5.0
218,1218P2PINVEST,제2차 코코캐슈 구매자금 펀딩 ,cso,해당없음,14.0,2개월,0.0,100.0,200000000,3,5.0
219,1219P2PINVEST,코코캐슈 구매자금 펀딩,cso,해당없음,15.0,2개월,0.0,100.0,150000000,3,5.0
220,1220P2PINVEST,명품 시계 4점,cso,해당없음,12.0,3개월,0.0,100.0,46000000,3,5.0
221,1221P2PINVEST,명품 시계와 순금 상품,cso,해당없음,12.0,3개월,0.0,100.0,15000000,3,5.0
222,1222P2PINVEST,유색 보석 반지 2점,cso,해당없음,12.0,3개월,0.0,100.0,60000000,3,5.0
223,1223P2PINVEST,제7차 견과류 구매자금,cso,해당없음,13.0,1개월,0.0,100.0,150000000,3,5.0
224,1224P2PINVEST,제6차 견과류 구매자금,cso,해당없음,12.0,1개월,0.0,100.0,150000000,3,5.0
225,1225P2PINVEST,제5차 견과류 구매자금,cso,해당없음,12.0,1개월,0.0,100.0,40000000,3,5.0
226,1226P2PINVEST,제3차 축산 구매자금,cso,해당없음,10.0,1개월,0.0,100.0,106700000,3,5.0
227,1227P2PINVEST,제4차 견과류 구매자금,cso,해당없음,12.0,1개월,0.0,100.0,100000000,3,5.0
228,1228P2PINVEST,제2차 축산 구매자금,cso,해당없음,10.0,1개월,0.0,100.0,99700000,3,5.0
229,1229P2PINVEST,커피생두 구매자금,cso,해당없음,12.0,2개월,0.0,100.0,80000000,3,5.0
230,1230P2PINVEST,제2차 전세자금,cso,해당없음,12.0,3개월,0.0,100.0,40000000,3,5.0
231,1231P2PINVEST,제3차 견과류 구매자금,cso,해당없음,12.0,2개월,0.0,100.0,60000000,3,5.0
232,1232P2PINVEST,제5차 순금 상품,cso,해당없음,12.0,1개월,0.0,100.0,12000000,3,5.0
233,1233P2PINVEST,제4차 순금 상품,cso,해당없음,12.0,2개월,0.0,100.0,12000000,3,5.0
234,1234P2PINVEST,제2차 견과류 구매자금,cso,해당없음,12.0,1개월,0.0,100.0,90000000,3,5.0
235,1235P2PINVEST,제1차 견과류 구매자금,cso,해당없음,12.0,1개월,0.0,100.0,180000000,3,5.0
236,1236P2PINVEST,축산 구매자금,cso,해당없음,10.0,1개월,0.0,100.0,77000000,3,5.0
237,1237P2PINVEST,창업자금 마련을 위한 대출,cso,해당없음,12.0,1개월,0.0,100.0,90000000,3,5.0
238,1238P2PINVEST,제 3차 순금 상품 ,cso,해당없음,12.0,1개월,0.0,100.0,9000000,3,5.0
239,1239P2PINVEST,제2차 다이아몬드 상품,cso,해당없음,12.0,1개월,0.0,100.0,39000000,3,5.0
240,1240P2PINVEST,위블로 빅뱅 ,cso,해당없음,12.0,2개월,0.0,100.0,16000000,3,5.0
241,1241P2PINVEST,귀금속 세트,cso,해당없음,12.0,2개월,0.0,100.0,6300000,3,5.0
242,1242P2PINVEST,"애플 맥북프로, 아이패드프로",cso,해당없음,12.0,1개월,0.0,100.0,4000000,3,5.0
243,1243P2PINVEST,제 1차 다이아몬드 상품 ,cso,해당없음,12.0,1개월,0.0,100.0,20800000,3,5.0
244,1244P2PINVEST,"IWC, 오메가 시계",cso,해당없음,12.0,3개월,0.0,100.0,4500000,3,5.0
245,1245P2PINVEST,제 2차 순금 상품,cso,해당없음,12.0,1개월,0.0,100.0,3900000,3,5.0
246,1246P2PINVEST,에르메스 버킨백,cso,해당없음,12.0,2개월,0.0,100.0,5000000,3,5.0
247,1247P2PINVEST, 롤렉스 11610 서브마리너 시계,cso,해당없음,12.0,2개월,0.0,100.0,4000000,3,5.0
248,1248P2PINVEST,  전세자금 단기대출,cso,해당없음,12.0,1개월,0.0,100.0,25000000,3,5.0
249,1249P2PINVEST,샤넬 등 명품가방 3종,cso,해당없음,12.0,1개월,0.0,100.0,5200000,3,5.0
250,1250P2PINVEST,롤렉스 116523 데이토나 콤비 시계  ,cso,해당없음,12.0,1개월,0.0,100.0,9000000,3,5.0
251,1251P2PINVEST,6.18캐럿 사각 다이아 반지,cso,해당없음,12.0,3개월,0.0,100.0,80000000,3,5.0
252,1252P2PINVEST,18806채권 (기존 대출 전환 목적),peoplefund,3등급,6.29,24개월,0.0,100.0,13000000,21,3.7
253,1253P2PINVEST,18796채권 (기존 대출 전환 목적),peoplefund,4등급,6.29,24개월,0.0,100.0,12000000,21,3.7
254,1254P2PINVEST,18795채권 (기존 대출 전환 목적),peoplefund,6등급,17.0,24개월,0.0,100.0,7000000,21,3.7
255,1255P2PINVEST,18774채권 (기존 대출 전환 목적),peoplefund,7등급,14.0,12개월,0.0,100.0,9000000,21,3.7
256,1256P2PINVEST,18741채권 (기존 대출 전환 목적),peoplefund,2등급,5.22,24개월,0.0,100.0,15000000,21,3.7
257,1257P2PINVEST,18666채권 (기존 대출 전환 목적),peoplefund,5등급,14.0,24개월,0.0,100.0,25000000,21,3.7
258,1258P2PINVEST,18134채권 (생활비 목적),peoplefund,5등급,10.0,24개월,0.0,100.0,10000000,21,3.7
259,1259P2PINVEST,1호 목동 빌라 신축,rooffunding,해당없음,18.0,6개월,0.0,100.0,1100000000,0,
260,1260P2PINVEST,2호 선학동 다세대주택 신축,rooffunding,해당없음,18.0,8개월,0.0,100.0,400000000,0,
261,1261P2PINVEST,3호 오산 오피스텔/다세대 신축,rooffunding,해당없음,18.0,9개월,0.0,100.0,400000000,0,
262,1262P2PINVEST,4호 평택 오피스텔 신축,rooffunding,해당없음,18.0,12개월,0.0,100.0,500000000,0,
263,1263P2PINVEST,5호 포천 다세대주택 신축,rooffunding,해당없음,18.0,10개월,0.0,100.0,500000000,0,
264,1264P2PINVEST,6호 오산 오피스텔/다세대 신축 2차,rooffunding,해당없음,17.0,8개월,0.0,100.0,500000000,0,
265,1265P2PINVEST,7호 마전지구 다가구주택 신축,rooffunding,해당없음,18.0,11개월,0.0,100.0,600000000,0,
266,1266P2PINVEST,8호 수도권 아파트 신축,rooffunding,해당없음,18.0,7개월,0.0,100.0,1200000000,0,
267,1267P2PINVEST,9호 미사강변도시 상업시설 신축,rooffunding,해당없음,18.0,3개월,0.0,100.0,450000000,0,
268,1268P2PINVEST,10호 대전 오류동 다세대주택 신축,rooffunding,해당없음,18.0,5개월,0.0,100.0,500000000,0,
269,1269P2PINVEST,11호 평택 오피스텔 신축 2차,rooffunding,해당없음,17.0,11개월,0.0,100.0,500000000,0,
270,1270P2PINVEST,12호 마전지구 다가구주택 신축 2차,rooffunding,해당없음,17.0,10개월,0.0,100.0,400000000,0,
271,1271P2PINVEST,13호 천안 바이오공장 신축,rooffunding,해당없음,18.0,1개월,0.0,100.0,500000000,0,
272,1272P2PINVEST,14호 검단신도시 오피스텔 신축,rooffunding,해당없음,18.0,7개월,0.0,100.0,600000000,0,
273,1273P2PINVEST,15호 대전 오류동 다세대주택 신축,rooffunding,해당없음,18.0,5개월,0.0,100.0,500000000,0,
274,1274P2PINVEST,16호 강남 대치동 다세대주택 신축,rooffunding,해당없음,18.0,10개월,0.0,100.0,1000000000,0,
275,1275P2PINVEST,17호 강남 역삼동 다세대주택 신축,rooffunding,해당없음,18.0,6개월,0.0,100.0,500000000,0,
276,1276P2PINVEST,18호 검단신도시 오피스텔 신축 2차,rooffunding,해당없음,18.0,6개월,0.0,100.0,400000000,0,
277,1277P2PINVEST,19호 마전동 다가구주택 신축,rooffunding,해당없음,18.0,7개월,0.0,100.0,500000000,0,
278,1278P2PINVEST,20호 포천 선단동 다세대주택 신축,rooffunding,해당없음,18.0,12개월,0.0,100.0,700000000,0,
279,1279P2PINVEST,21호 강남 역삼동 빌라 담보대출,rooffunding,해당없음,17.0,6개월,0.0,100.0,800000000,0,
280,1280P2PINVEST,22호 동탄 지식산업센터 신축,rooffunding,해당없음,18.0,15개월,0.0,100.0,500000000,0,
281,1281P2PINVEST,23호 제주도 타운하우스 신축,rooffunding,해당없음,18.0,9개월,0.0,100.0,800000000,0,
282,1282P2PINVEST,24호 김포 첨단업종 공장 신축,rooffunding,해당없음,18.0,4개월,0.0,100.0,500000000,0,
283,1283P2PINVEST,25호 제주도 타운하우스 신축 2차,rooffunding,해당없음,18.0,9개월,0.0,100.0,400000000,0,
284,1284P2PINVEST,26호 인천 용현동 다세대주택 신축,rooffunding,해당없음,18.0,6개월,0.0,100.0,400000000,0,
285,1285P2PINVEST,27호 마전동 다가구주택 신축,rooffunding,해당없음,18.0,7개월,0.0,100.0,500000000,0,
286,1286P2PINVEST,28호 제주도 타운하우스 신축 3차,rooffunding,해당없음,18.0,9개월,0.0,100.0,300000000,0,
287,1287P2PINVEST,29호 강남 대치동 빌라 담보대출,rooffunding,해당없음,17.0,6개월,0.0,100.0,700000000,0,
288,1288P2PINVEST,30호 김포 타운하우스 신축,rooffunding,해당없음,18.0,7개월,0.0,100.0,700000000,0,
289,1289P2PINVEST,31호 경북도청신도시 업무시설 신축,rooffunding,해당없음,18.0,10개월,0.0,100.0,600000000,0,
290,1290P2PINVEST,32호 김포 타운하우스 신축 2차,rooffunding,해당없음,18.0,7개월,0.0,100.0,600000000,0,
291,1291P2PINVEST,33호 경북도청신도시 업무시설 신축 2차,rooffunding,해당없음,18.0,10개월,0.0,100.0,500000000,0,
292,1292P2PINVEST,34호 천안 바이오 공장 신축,rooffunding,해당없음,18.0,7개월,0.0,100.0,800000000,0,
293,1293P2PINVEST,35호 경북도청신도시 업무시설 신축 3차,rooffunding,해당없음,18.0,10개월,0.0,100.0,400000000,0,
294,1294P2PINVEST,36호 서울 동대문구 다중주택 신축,rooffunding,해당없음,18.0,6개월,0.0,100.0,600000000,0,
295,1295P2PINVEST,37호 경북도청신도시 상업시설 신축,rooffunding,해당없음,18.0,10개월,0.0,100.0,800000000,0,
296,1296P2PINVEST,38호 평택고덕국제신도시 상가 신축,rooffunding,해당없음,18.0,9개월,0.0,100.0,700000000,0,
297,1297P2PINVEST,39호 경북도청신도시 상업시설 신축 2차,rooffunding,해당없음,18.0,10개월,0.0,100.0,400000000,0,
298,1298P2PINVEST,40호 천안 바이오 공장 신축 2차,rooffunding,해당없음,18.0,6개월,0.0,100.0,600000000,0,
299,1299P2PINVEST,41호 경북도청신도시 상업시설 신축 3차,rooffunding,해당없음,18.0,9개월,0.0,100.0,300000000,0,
300,1300P2PINVEST,42호 평택고덕국제신도시 상가 신축 2차,rooffunding,해당없음,18.0,9개월,0.0,100.0,500000000,0,
301,1301P2PINVEST,43호 원당지구 오피스텔 신축,rooffunding,해당없음,18.0,10개월,0.0,100.0,600000000,0,
302,1302P2PINVEST,44호 경기도 포천시 단지형 다세대주택 신축,rooffunding,해당없음,18.0,12개월,0.0,100.0,600000000,0,
303,1303P2PINVEST,45호 경기도 광주시 다세대주택 신축,rooffunding,해당없음,13.0,5개월,0.0,100.0,700000000,0,
304,1304P2PINVEST,46호 인천 당하동 단지형 다세대주택 신축,rooffunding,해당없음,18.0,12개월,0.0,100.0,700000000,0,
305,1305P2PINVEST,47호 서울시 양천구 도시빌라형 다세대주택 신축,rooffunding,해당없음,18.0,5개월,0.0,100.0,300000000,0,
306,1306P2PINVEST,48호 평택고덕국제신도시 상가 신축 3차,rooffunding,해당없음,18.0,8개월,0.0,100.0,300000000,0,
307,1307P2PINVEST,49호 원당지구 오피스텔 신축 2차,rooffunding,해당없음,18.0,10개월,0.0,100.0,500000000,0,
308,1308P2PINVEST,50호 천안시 불당동 도시형생활주택 신축,rooffunding,해당없음,18.0,8개월,0.0,100.0,600000000,0,
309,1309P2PINVEST,제37호 충북 청주시 서원구 근린상가(배당금 담보 대출),sodit,해당없음,12.0,3개월,0.0,100.0,300000000,5,4.8
310,1310P2PINVEST,오떡 문정점,funda,4등급,12.0,12개월,0.0,100.0,30000000,8,4.8
311,1311P2PINVEST,오떡 송파점,funda,4등급,12.0,12개월,0.0,100.0,30000000,8,4.8
312,1312P2PINVEST,제2차 라구나비치진 사업자금 펀딩,cso,해당없음,12.0,3개월,0.0,100.0,200000000,3,5.0
313,1313P2PINVEST,명품제품 담보 펀딩,cso,해당없음,12.0,3개월,0.0,100.0,140000000,3,5.0
314,1314P2PINVEST,18870채권 (기존 대출 전환 목적),peoplefund,7등급,15.0,24개월,0.0,100.0,5000000,21,3.7
315,1315P2PINVEST,18863채권 (투자 목적),peoplefund,3등급,5.52,24개월,0.0,100.0,30000000,21,3.7
316,1317P2PINVEST,황태명가,funda,5등급,12.0,18개월,0.0,100.0,30000000,8,4.8
317,1318P2PINVEST,51호 서울시 화곡동 오피스텔 신축,rooffunding,해당없음,18.0,12개월,0.0,100.0,700000000,0,
318,1319P2PINVEST,서울 강서 가양동 강변아파트,together,해당없음,12.0,12개월,0.0,100.0,45000000,1,5.0
319,1330P2PINVEST,18970채권 (생활비 목적),peoplefund,7등급,18.0,24개월,0.0,100.0,7000000,21,3.7
320,1331P2PINVEST,52호 경기도 포천시 단지형 다세대주택 신축 2차,rooffunding,해당없음,18.0,11개월,0.0,100.0,600000000,0,
321,1332P2PINVEST,펀듀 40호,fundu,해당없음,15.0,4개월,0.0,100.0,500000000,3,4.0
322,1333P2PINVEST,서울 노원 중계동 경남아파트,together,해당없음,12.0,12개월,0.0,100.0,30000000,1,5.0
323,1334P2PINVEST,제38호 대전 서구 갈마동 근린상가(LTV 30.7%),sodit,해당없음,12.0,3개월,0.0,100.0,350000000,5,4.8
324,1336P2PINVEST,경기 광주 송정동 금강펜테리움,together,해당없음,13.0,12개월,0.0,100.0,37000000,1,5.0
325,1337P2PINVEST,인천 서구 왕길동 검단자이1단지,together,해당없음,13.0,12개월,0.0,100.0,45000000,1,5.0
326,1338P2PINVEST,인천 계양 계산동 은행마을태산,together,해당없음,13.0,12개월,0.0,100.0,40000000,1,5.0
327,1344P2PINVEST,브롱스_1차 ★,midrate,1등급,10.0,6개월,0.0,100.0,100000000,4,4.5
328,1345P2PINVEST,부동산 1호,funded,해당없음,11.0,6개월,0.0,100.0,30000000,1,5.0
329,1346P2PINVEST,무샤,funda,4등급,12.0,18개월,0.0,100.0,30000000,8,4.8
330,1347P2PINVEST,경기 남양주 부평리 센트레빌시티,together,해당없음,12.0,12개월,0.0,100.0,20000000,1,5.0
331,1348P2PINVEST,서울 중랑 망우동 중랑숲리가,together,해당없음,12.0,12개월,0.0,100.0,40000000,1,5.0
332,1349P2PINVEST,19425채권 (기존 대출 전환 목적),peoplefund,6등급,18.0,24개월,0.0,100.0,12000000,21,3.7
333,1350P2PINVEST,19371채권 (생활비 목적),peoplefund,5등급,8.23,24개월,0.0,100.0,8000000,21,3.7
334,1351P2PINVEST,제39호 서울 용산 센트레빌아스테리움서울 주상복합(연대보증),sodit,해당없음,13.0,9개월,0.0,100.0,110000000,5,4.8
335,1352P2PINVEST,53호 경기도 광주시 다세대주택 신축 2차,rooffunding,해당없음,13.0,4개월,0.0,100.0,600000000,0,
336,1353P2PINVEST,제2차 수산물 구매자금 펀딩,cso,해당없음,14.0,4개월,0.0,100.0,300000000,3,5.0
337,1354P2PINVEST,둥근상 시골집 (2차),funda,6등급,12.0,18개월,0.0,100.0,150000000,8,4.8
338,1355P2PINVEST,개인신용 학비,midrate,2등급,12.0,3개월,2.0,100.0,5000000,4,4.5
339,1356P2PINVEST,19479채권 (기존 대출 전환 목적),peoplefund,4등급,8.58,24개월,0.0,100.0,9000000,21,3.7
340,1357P2PINVEST,부동산 1호,funded,해당없음,11.0,6개월,0.0,100.0,30000000,1,5.0
341,1358P2PINVEST,팀버가든 2호,funded,해당없음,11.0,6개월,0.0,100.0,50000000,1,5.0
342,1359P2PINVEST,누디진 1호,funded,해당없음,8.7,6개월,0.0,100.0,50000000,1,5.0
343,1360P2PINVEST,초콜릿 팩토리 2호,funded,해당없음,10.0,12개월,0.0,100.0,50000000,1,5.0
344,1361P2PINVEST,초콜릿 팩토리 1호,funded,해당없음,10.0,12개월,0.0,100.0,100000000,1,5.0
345,1362P2PINVEST,팀버가든 1호,funded,해당없음,8.01,3개월,0.0,100.0,40000000,1,5.0
346,1363P2PINVEST,유비커스,funded,해당없음,10.0,3개월,0.0,100.0,50000000,1,5.0
347,1364P2PINVEST,만다복,funda,5등급,12.0,12개월,0.0,100.0,35000000,8,4.8
348,1365P2PINVEST,서울 서초 반포동 주공1단지,together,해당없음,14.0,12개월,0.0,100.0,1850000000,1,5.0
349,1366P2PINVEST,19721채권 (기존 대출 전환 목적),peoplefund,5등급,8.58,24개월,0.0,100.0,30000000,21,3.7
350,1367P2PINVEST,19637채권 (생활비 목적),peoplefund,6등급,18.0,24개월,0.0,100.0,11000000,21,3.7
351,1368P2PINVEST,제40호 서울 성동구 금호동1가 근린상가,sodit,해당없음,15.0,6개월,0.0,100.0,500000000,5,4.8
352,1369P2PINVEST,셰프찬 (2차),funda,6등급,12.0,18개월,0.0,100.0,120000000,8,4.8
353,1370P2PINVEST,펀듀 41호,fundu,해당없음,16.0,4개월,0.0,100.0,600000000,3,4.0
354,1371P2PINVEST,경기 안양 호계동 무궁화아파트,together,해당없음,12.0,12개월,0.0,100.0,55000000,1,5.0
355,1372P2PINVEST,경기 김포 장기동 한양수자인,together,해당없음,12.0,12개월,0.0,100.0,25000000,1,5.0
356,1373P2PINVEST,54호 김포 물류센터 개발사업,rooffunding,해당없음,15.0,3개월,0.0,100.0,1500000000,0,
357,1374P2PINVEST,19845채권 (생활비 목적),peoplefund,7등급,15.0,24개월,0.0,100.0,10000000,21,3.7
358,1375P2PINVEST,19831채권 (기존 대출 전환 목적),peoplefund,5등급,13.0,24개월,0.0,100.0,17000000,21,3.7
359,1376P2PINVEST,19806채권 (부업자금 목적),peoplefund,4등급,5.83,24개월,0.0,100.0,10000000,21,3.7
360,1377P2PINVEST,19751채권 (투자 목적),peoplefund,5등급,10.0,24개월,0.0,100.0,20000000,21,3.7
361,1378P2PINVEST,19659채권 (전월세보증금 목적),peoplefund,4등급,7.08,24개월,0.0,100.0,27000000,21,3.7
362,1379P2PINVEST,★브롱스_2차★,midrate,1등급,13.0,6개월,0.0,100.0,30000000,4,4.5
363,1380P2PINVEST,55호 원당지구 오피스텔 신축 3차,rooffunding,해당없음,18.0,9개월,0.0,100.0,400000000,0,
364,1381P2PINVEST,서울 광진 자양동 우성아파트,together,해당없음,12.0,12개월,0.0,100.0,70000000,1,5.0
365,1382P2PINVEST,부산 금정 부곡동 대우아파트,together,해당없음,12.0,12개월,0.0,100.0,20000000,1,5.0
366,1383P2PINVEST,20292채권 (생활비 목적),peoplefund,6등급,15.0,24개월,0.0,100.0,7000000,21,3.7
367,1384P2PINVEST,20170채권 (생활비 목적),peoplefund,6등급,15.0,12개월,0.0,100.0,3000000,21,3.7
368,1385P2PINVEST,19983채권 (기존 대출 전환 목적),peoplefund,5등급,15.0,24개월,0.0,100.0,24000000,21,3.7
369,1386P2PINVEST,미스터시래기,funda,5등급,12.0,18개월,0.0,100.0,100000000,8,4.8
370,1387P2PINVEST,20388채권 (차량 구입 목적),peoplefund,3등급,5.52,24개월,0.0,100.0,24000000,21,3.7
371,1388P2PINVEST,부동산 2호,funded,해당없음,12.0,12개월,0.0,100.0,70000000,1,5.0
372,1389P2PINVEST,제41호 경기 파주시 탄현면 토지(배당금 담보 대출),sodit,해당없음,12.0,3개월,0.0,100.0,300000000,5,4.8
373,1390P2PINVEST,56호 천안시 불당동 도시형생활주택 신축 2차,rooffunding,해당없음,18.0,8개월,0.0,100.0,400000000,0,
374,1391P2PINVEST,서울 강남 신사동 근린생활시설,together,해당없음,14.0,12개월,0.0,100.0,200000000,1,5.0
375,1392P2PINVEST,명품담보 사업자금 펀딩,cso,해당없음,12.0,3개월,0.0,100.0,50000000,3,5.0
376,1393P2PINVEST,20420채권 (생활비 목적),peoplefund,4등급,6.29,24개월,0.0,100.0,8000000,21,3.7
377,1394P2PINVEST,열혈분식,funda,3등급,12.0,15개월,0.0,100.0,60000000,8,4.8
378,1395P2PINVEST,만덕식당 신사점,funda,7등급,12.0,12개월,0.0,100.0,50000000,8,4.8
379,1396P2PINVEST,바다목장 바닷가재 (4차),funda,6등급,12.0,12개월,0.0,100.0,15000000,8,4.8
380,1397P2PINVEST,서울 서초 반포동 신반포아파트,together,해당없음,12.0,12개월,0.0,100.0,30000000,1,5.0
381,1398P2PINVEST,경기 남양주 오남리 대한아파트,together,해당없음,14.0,12개월,0.0,100.0,10000000,1,5.0
382,1399P2PINVEST,20569채권 (기존 대출 전환 목적),peoplefund,5등급,9.06,24개월,0.0,100.0,10000000,21,3.7
383,1400P2PINVEST,펀듀 42호,fundu,해당없음,15.0,3개월,0.0,100.0,400000000,3,4.0
384,1401P2PINVEST,대전 서구 복수동 초록마을2단지,together,해당없음,14.0,12개월,0.0,100.0,20000000,1,5.0
385,1402P2PINVEST,경기 남양주 오남리 푸른솔롯데,together,해당없음,12.0,12개월,0.0,100.0,24000000,1,5.0
386,1403P2PINVEST,제42호 서울 용산 센트레빌아스테리움서울 주상복합(연대보증),sodit,해당없음,14.0,9개월,0.0,100.0,90000000,5,4.8
387,1404P2PINVEST,57호 인천 당하동 단지형 다세대주택 신축 2차,rooffunding,해당없음,18.0,11개월,0.0,100.0,400000000,0,
388,1405P2PINVEST,개인신용 대환대출,midrate,2등급,13.0,6개월,1.0,100.0,7000000,4,4.5
389,1406P2PINVEST,21181채권 (전월세보증금 목적),peoplefund,5등급,7.08,12개월,0.0,100.0,3000000,21,3.7
390,1407P2PINVEST,20909채권 (생활비 목적),peoplefund,3등급,5.32,12개월,0.0,100.0,4000000,21,3.7
391,1408P2PINVEST,제43호 경기 수원시 인계동 근린주택(LTV 62%),sodit,해당없음,13.0,5개월,0.0,100.0,150000000,5,4.8
392,1409P2PINVEST,화동생갈비 잠실점,funda,2등급,14.0,18개월,0.0,100.0,90000000,8,4.8
393,1410P2PINVEST,21432채권 (기존 대출 전환 목적),peoplefund,7등급,18.0,24개월,0.0,100.0,5000000,21,3.7
394,1411P2PINVEST,21276채권 (생활비 목적),peoplefund,4등급,5.83,24개월,0.0,100.0,5000000,21,3.7
395,1412P2PINVEST,21155채권 (생활비 목적),peoplefund,6등급,9.06,24개월,0.0,100.0,10000000,21,3.7
396,1413P2PINVEST,20981채권 (투자 목적),peoplefund,4등급,7.08,24개월,0.0,100.0,20000000,21,3.7
397,1414P2PINVEST,58호 인천시 남구 주안동 오피스텔  신축,rooffunding,해당없음,18.0,15개월,0.0,100.0,300000000,0,
398,1415P2PINVEST,경기 안산 신길동 휴먼시아,together,해당없음,13.0,12개월,0.0,100.0,55000000,1,5.0
399,1416P2PINVEST,신구스포츠센터,funda,7등급,14.0,10개월,0.0,100.0,140000000,8,4.8
400,1417P2PINVEST,전자제품업체 사업자금 펀딩,cso,해당없음,14.0,2개월,0.0,100.0,300000000,3,5.0
401,1418P2PINVEST,개인신용 결혼비용,midrate,2등급,9.22,3개월,1.0,100.0,3000000,4,4.5
402,1419P2PINVEST,21769채권 (기존 대출 전환 목적),peoplefund,6등급,12.0,24개월,0.0,100.0,9000000,21,3.7
403,1420P2PINVEST,제44호 경기 용인시 처인구 주유소(배당금담보),sodit,해당없음,12.0,3개월,0.0,100.0,350000000,5,4.8
404,1421P2PINVEST,충북 청주시 복대동 신영지웰시티,together,해당없음,13.0,12개월,0.0,100.0,25000000,1,5.0
405,1422P2PINVEST,서울 강북 미아동 북한산그랑빌,together,해당없음,12.0,12개월,0.0,100.0,30000000,1,5.0
406,1423P2PINVEST,인천 서구 마전동 이지2차미래지향,together,해당없음,13.0,12개월,0.0,100.0,24000000,1,5.0
407,1424P2PINVEST,서울 양천 신월동 로즈그린타운,together,해당없음,12.0,12개월,0.0,100.0,10000000,1,5.0
408,1425P2PINVEST,경기 가평 읍내리 준수아파트,together,해당없음,13.0,12개월,0.0,100.0,60000000,1,5.0
409,1426P2PINVEST,21743채권 (기존 대출 전환 목적),peoplefund,4등급,7.42,24개월,0.0,100.0,10000000,21,3.7
410,1427P2PINVEST,21583채권 (생활비 목적),peoplefund,4등급,7.42,24개월,0.0,100.0,10000000,21,3.7
411,1428P2PINVEST,대한장애인복지회 (3차),funda,해당없음,11.0,2개월,0.0,100.0,100000000,8,4.8
412,1429P2PINVEST,포트폴리오 10호,honestfund,3.63등급,10.0,18개월,0.0,100.0,1127000000,12,4.3
413,1430P2PINVEST,서울 강남 청담동 건영아파트,together,해당없음,12.0,12개월,0.0,100.0,100000000,1,5.0
414,1431P2PINVEST,경기 하남 덕풍동 더샵센트럴뷰,together,해당없음,12.0,12개월,0.0,100.0,90000000,1,5.0
415,1432P2PINVEST,펀듀 43호,fundu,해당없음,16.0,4개월,0.0,100.0,700000000,3,4.0
416,1433P2PINVEST,21879채권 (전월세보증금 목적),peoplefund,2등급,5.12,24개월,0.0,100.0,10000000,21,3.7
417,1434P2PINVEST,21685채권 (기존 대출 전환 목적),peoplefund,1등급,5.02,24개월,0.0,100.0,18000000,21,3.7
418,1435P2PINVEST,양대화 1호,funded,해당없음,11.0,12개월,0.0,100.0,35000000,1,5.0
419,1436P2PINVEST,누디진 2호,funded,해당없음,11.0,6개월,0.0,100.0,100000000,1,5.0
420,1437P2PINVEST,21952채권 (부업자금 목적),peoplefund,4등급,5.32,24개월,0.0,100.0,29000000,21,3.7
421,1438P2PINVEST,동대문엽기떡볶이 수유점,funda,4등급,12.0,18개월,0.0,100.0,50000000,8,4.8
422,1439P2PINVEST,59호 서울 강남구 역삼동 다세대주택 신축,rooffunding,해당없음,18.0,10개월,0.0,100.0,800000000,0,
423,1440P2PINVEST,부산 기장군 모전리 롯데캐슬2차,together,해당없음,12.0,12개월,0.0,100.0,25000000,1,5.0
424,1441P2PINVEST,인천 남동 논현동 주공아파트,together,해당없음,12.0,12개월,0.0,100.0,10000000,1,5.0
425,1442P2PINVEST,경기 수원 영통동 주공1단지,together,해당없음,12.0,12개월,0.0,100.0,20000000,1,5.0
426,1443P2PINVEST,22379채권 (기존 대출 전환 목적),peoplefund,7등급,15.0,24개월,0.0,100.0,5000000,21,3.7
427,1444P2PINVEST,22224채권 (생활비 목적),peoplefund,5등급,7.08,24개월,0.0,100.0,2000000,21,3.7
428,1445P2PINVEST,제45호 경기 포천시 신북면 근린생활시설(선순위),sodit,해당없음,14.0,6개월,0.0,100.0,120000000,5,4.8
429,1446P2PINVEST,60호 인천 서구 마전동 단독주택 신축,rooffunding,해당없음,18.0,8개월,0.0,100.0,400000000,0,
430,1447P2PINVEST,제14차 견과류 구매자금 펀딩,cso,해당없음,12.0,2개월,0.0,100.0,200000000,3,5.0
431,1448P2PINVEST,22424채권 (기존 대출 전환 목적),peoplefund,6등급,9.06,24개월,0.0,100.0,12000000,21,3.7
432,1449P2PINVEST,22381채권 (기존 대출 전환 목적),peoplefund,7등급,18.0,24개월,0.0,100.0,9000000,21,3.7
433,1450P2PINVEST,청기와 숯불갈비,funda,4등급,12.0,18개월,0.0,100.0,100000000,8,4.8
434,1451P2PINVEST,서울 노원 상계동 주공아파트,together,해당없음,12.0,12개월,0.0,100.0,10000000,1,5.0
435,1452P2PINVEST,서울 서대문 남가좌동 삼성아파트,together,해당없음,12.0,12개월,0.0,100.0,30000000,1,5.0
436,1453P2PINVEST,"제46호 경기 파주시 월롱면 위전리 토지(배당금담보대출, 만기1개월)",sodit,해당없음,11.0,1개월,0.0,100.0,500000000,5,4.8
437,1454P2PINVEST,61호 인천시 남구 주안동 오피스텔 신축 2차,rooffunding,해당없음,18.0,15개월,0.0,100.0,300000000,0,
438,1455P2PINVEST,펀듀 44호,fundu,해당없음,15.0,5개월,0.0,100.0,350000000,3,4.0
439,1456P2PINVEST,22575채권 (기존 대출 전환 목적),peoplefund,6등급,10.0,24개월,0.0,100.0,9000000,21,3.7
440,1457P2PINVEST,22545채권 (기존 대출 전환 목적),peoplefund,6등급,12.0,24개월,0.0,100.0,6000000,21,3.7
441,1458P2PINVEST,가온샤브,funda,3등급,13.0,12개월,0.0,100.0,40000000,8,4.8
442,1459P2PINVEST,62호 경기도 김포시 일반 공장 신축,rooffunding,해당없음,18.0,9개월,0.0,100.0,600000000,0,
443,1460P2PINVEST,부산 연제 거제동 부일맨션,together,해당없음,13.0,12개월,0.0,100.0,22000000,1,5.0
444,1461P2PINVEST,경기 용인 영덕동 두진아파트,together,해당없음,12.0,12개월,0.0,100.0,40000000,1,5.0
445,1462P2PINVEST,22502채권 (기존 대출 전환 목적),peoplefund,6등급,8.23,24개월,0.0,100.0,12000000,21,3.7
446,1463P2PINVEST,제47호 경기 파주시 탄현면 토지(배당금 담보 대출),sodit,해당없음,11.0,2개월,0.0,100.0,570000000,5,4.8
447,1464P2PINVEST,이자와 (3차),funda,4등급,13.0,12개월,0.0,100.0,30000000,8,4.8
448,1465P2PINVEST,펀듀 45호,fundu,해당없음,16.0,2개월,0.0,100.0,500000000,3,4.0
449,1466P2PINVEST,비나스코인터내셔널 (3차),funda,2등급,10.0,3개월,0.0,100.0,200000000,8,4.8
450,1467P2PINVEST,프릭스 1호,funded,해당없음,11.0,8개월,0.0,100.0,10000000,1,5.0
451,1468P2PINVEST,경기 안양 호계동 단독주택,together,해당없음,14.0,12개월,0.0,100.0,300000000,1,5.0
452,1469P2PINVEST,마이크임팩트 GMC 진행자금 펀딩,cso,해당없음,12.0,3개월,0.0,100.0,150000000,3,5.0
453,1470P2PINVEST,풍자,funded,해당없음,12.0,6개월,0.0,100.0,20000000,1,5.0
454,1471P2PINVEST,워낭소리,funda,7등급,7.47,6개월,0.0,100.0,15000000,8,4.8
455,1472P2PINVEST,워낭소리 (18개월),funda,7등급,15.0,18개월,0.0,100.0,15000000,8,4.8
456,1473P2PINVEST,워낭소리,funda,7등급,12.0,12개월,0.0,100.0,15000000,8,4.8
457,1474P2PINVEST,워낭소리 (24개월),funda,7등급,17.0,24개월,0.0,100.0,15000000,8,4.8
458,1475P2PINVEST,63호 인천시 주안동 도시형생활주택 신축,rooffunding,해당없음,18.0,8개월,0.0,100.0,600000000,0,
459,1476P2PINVEST,경기 남양주 녹촌리 두산위브,together,해당없음,13.0,12개월,0.0,100.0,53000000,1,5.0
460,1477P2PINVEST,경기 성남 수내동 푸른마을쌍용,together,해당없음,12.0,12개월,0.0,100.0,75000000,1,5.0
461,1478P2PINVEST,23300채권 (생활비 목적),peoplefund,5등급,8.58,24개월,0.0,100.0,14000000,21,3.7
462,1479P2PINVEST,22959채권 (투자 목적),peoplefund,3등급,5.22,24개월,0.0,100.0,10000000,21,3.7
463,1480P2PINVEST,에클레시아 (2차),funda,5등급,11.0,6개월,0.0,100.0,50000000,8,4.8
464,1481P2PINVEST,에클레시아 (2차),funda,5등급,16.0,12개월,0.0,100.0,40000000,8,4.8
465,1482P2PINVEST,68호 인천 당하동 단지형 다세대주택 신축 4차,rooffunding,해당없음,18.0,10개월,0.0,100.0,500000000,0,
466,1483P2PINVEST,펀듀 46호,fundu,해당없음,15.0,3개월,0.0,100.0,400000000,3,4.0
467,1484P2PINVEST,서울 노원 중계동 주공7단지,together,해당없음,12.0,12개월,0.0,100.0,24000000,1,5.0
468,1485P2PINVEST,23343채권 (부업자금 목적),peoplefund,5등급,9.06,24개월,0.0,100.0,20000000,21,3.7
469,1486P2PINVEST,23276채권 (기존 대출 전환 목적),peoplefund,4등급,6.29,24개월,0.0,100.0,30000000,21,3.7
470,1487P2PINVEST,23149채권 (기존 대출 전환 목적),peoplefund,7등급,18.0,24개월,0.0,100.0,4000000,21,3.7
471,1495P2PINVEST,부동산 담보대출,midrate,해당없음,12.0,3개월,0.0,100.0,30000000,4,4.5
472,1496P2PINVEST,쥬씨 박촌역점,funda,6등급,14.0,12개월,0.0,100.0,10000000,8,4.8
473,1497P2PINVEST,맵당 (2차),funda,7등급,13.0,15개월,0.0,100.0,25000000,8,4.8
474,1498P2PINVEST,누디진 3호,funded,해당없음,11.0,6개월,0.0,100.0,70000000,1,5.0
475,1499P2PINVEST,세븐일레븐 시흥 에코캐슬점,funda,6등급,17.0,24개월,0.0,100.0,12000000,8,4.8
476,1500P2PINVEST,세븐일레븐 시흥 에코캐슬점,funda,6등급,16.0,18개월,0.0,100.0,13000000,8,4.8
477,1501P2PINVEST,서울 서초 반포동 주공1단지,together,해당없음,12.0,12개월,0.0,100.0,700000000,1,5.0
478,1502P2PINVEST,충남 공주 산성동 토지,together,해당없음,14.0,12개월,0.0,100.0,1000000000,1,5.0
479,1503P2PINVEST,65호 인천시 주안동 오피스텔 신축,rooffunding,해당없음,18.0,12개월,0.0,100.0,500000000,0,
480,1504P2PINVEST,23566채권 (기존 대출 전환 목적),peoplefund,3등급,5.83,24개월,0.0,100.0,14000000,21,3.7
481,1505P2PINVEST,23861채권 (생활비 목적),peoplefund,5등급,9.73,24개월,0.0,100.0,8000000,21,3.7
482,1506P2PINVEST,23717채권 (주택 구입 목적),peoplefund,1등급,5.83,24개월,0.0,100.0,15000000,21,3.7
483,1507P2PINVEST,23711채권 (생활비 목적),peoplefund,3등급,5.32,24개월,0.0,100.0,10000000,21,3.7
484,1508P2PINVEST,23707채권 (기존 대출 전환 목적),peoplefund,5등급,9.73,24개월,0.0,100.0,19000000,21,3.7
485,1509P2PINVEST,23706채권 (기존 대출 전환 목적),peoplefund,5등급,7.08,24개월,0.0,100.0,27000000,21,3.7
486,1510P2PINVEST,23652채권 (기존 대출 전환 목적),peoplefund,6등급,15.0,24개월,0.0,100.0,30000000,21,3.7
487,1511P2PINVEST,복다돈,funda,5등급,14.0,12개월,0.0,100.0,40000000,8,4.8
488,1512P2PINVEST,인천 부평 부평동 토담하이츠,together,해당없음,12.0,12개월,0.0,100.0,60000000,1,5.0
489,1513P2PINVEST,부산 해운대 중동 단독주택,together,해당없음,12.0,12개월,0.0,100.0,170000000,1,5.0
490,1514P2PINVEST,제3차 코코캐슈 구매자금 펀딩,cso,해당없음,14.0,1개월,0.0,100.0,300000000,3,5.0
491,1515P2PINVEST,23992채권 (기존 대출 전환 목적),peoplefund,6등급,15.0,24개월,0.0,100.0,5000000,21,3.7
492,1516P2PINVEST,23858채권 (생활비 목적),peoplefund,2등급,4.94,24개월,0.0,100.0,10000000,21,3.7
493,1517P2PINVEST,23806채권 (생활비 목적),peoplefund,3등급,7.81,24개월,0.0,100.0,7000000,21,3.7
494,1518P2PINVEST,[제2호]통밀로만,fridayfunding,해당없음,14.0,12개월,0.0,100.0,62700000,0,
495,1519P2PINVEST,[제1호]S-BODY FIT 민락점 1-1차,fridayfunding,해당없음,14.0,12개월,0.0,100.0,50000000,0,
496,1520P2PINVEST,[이벤트 투자 1호] 보너스 받고 불금 즐기자!,fridayfunding,해당없음,18.0,1개월,0.0,100.0,2000000,0,
497,1521P2PINVEST,[이벤트 투자 2호] 보너스 받고 영화도 즐기자!,fridayfunding,해당없음,18.0,1개월,0.0,100.0,10000000,0,
498,1522P2PINVEST,웰빙맛집,funda,8등급,16.0,12개월,0.0,100.0,17000000,8,4.8
499,1523P2PINVEST,왕게수산,funda,1등급,8.04,12개월,0.0,100.0,20000000,8,4.8
500,1524P2PINVEST,66호 경기도 김포시 일반 공장 신축 2차,rooffunding,해당없음,18.0,9개월,0.0,100.0,400000000,0,
501,1525P2PINVEST,부산 사하 하단동 다가구주택,together,해당없음,13.0,12개월,0.0,100.0,24000000,1,5.0
502,1526P2PINVEST,평택 통복동 근린주택 및 토지,together,해당없음,13.0,12개월,0.0,100.0,56000000,1,5.0
503,1527P2PINVEST,대전 중구 태평동 파라곤아파트,together,해당없음,13.0,12개월,0.0,100.0,10000000,1,5.0
504,1528P2PINVEST,24008채권 (투자 목적),peoplefund,5등급,7.42,24개월,0.0,100.0,19000000,21,3.7
505,1529P2PINVEST,24007채권 (생활비 목적),peoplefund,2등급,5.52,12개월,0.0,100.0,8000000,21,3.7
506,1530P2PINVEST,23987채권 (투자 목적),peoplefund,3등급,6.67,24개월,0.0,100.0,18000000,21,3.7
507,1531P2PINVEST,23984채권 (기존 대출 전환 목적),peoplefund,4등급,7.08,24개월,0.0,100.0,17000000,21,3.7
508,1532P2PINVEST,청기와 숯불갈비,funda,4등급,16.0,18개월,0.0,100.0,37000000,8,4.8
509,1533P2PINVEST,청기와 숯불갈비,funda,4등급,13.0,12개월,0.0,100.0,33000000,8,4.8
510,1534P2PINVEST,청기와 숯불갈비,funda,4등급,10.0,6개월,0.0,100.0,30000000,8,4.8
511,1535P2PINVEST,제49호 대전 서구 월평동 근린상가,sodit,해당없음,12.0,3개월,0.0,100.0,500000000,5,4.8
512,1536P2PINVEST,67호 인천시 주안동 도시형생활주택 신축 2차,rooffunding,해당없음,18.0,8개월,0.0,100.0,500000000,0,
513,1537P2PINVEST,경기 안양 호계동 효성아파트,together,해당없음,12.0,12개월,0.0,100.0,24000000,1,5.0
514,1538P2PINVEST,펀듀 47호,fundu,해당없음,15.0,4개월,0.0,100.0,350000000,3,4.0
515,1539P2PINVEST,24133채권 (기존 대출 전환 목적),peoplefund,6등급,11.0,24개월,0.0,100.0,30000000,21,3.7
516,1540P2PINVEST,24058채권 (생활비 목적),peoplefund,6등급,12.0,24개월,0.0,100.0,10000000,21,3.7
517,1541P2PINVEST,24038채권 (생활비 목적),peoplefund,4등급,8.58,24개월,0.0,100.0,10000000,21,3.7
518,1542P2PINVEST,23949채권 (기존 대출 전환 목적),peoplefund,7등급,18.0,24개월,0.0,100.0,10000000,21,3.7
519,1543P2PINVEST,알파 영동점,funda,8등급,16.0,18개월,0.0,100.0,64000000,8,4.8
520,1544P2PINVEST,경기 의정부 호원동 성호아파트,together,해당없음,12.0,12개월,0.0,100.0,15000000,1,5.0
521,1545P2PINVEST,인천 남동 간석동 LH2단지,together,해당없음,12.0,12개월,0.0,100.0,15000000,1,5.0
522,1546P2PINVEST,24385채권 (전월세보증금 목적),peoplefund,4등급,8.23,24개월,0.0,100.0,20000000,21,3.7
523,1547P2PINVEST,24373채권 (생활비 목적),peoplefund,5등급,8.23,24개월,0.0,100.0,10000000,21,3.7
524,1548P2PINVEST,24163채권 (기존 대출 전환 목적),peoplefund,6등급,14.0,24개월,0.0,100.0,15000000,21,3.7
525,1549P2PINVEST,24135채권 (생활비 목적),peoplefund,6등급,12.0,24개월,0.0,100.0,9000000,21,3.7
526,1550P2PINVEST,24052채권 (투자 목적),peoplefund,2등급,6.67,24개월,0.0,100.0,10000000,21,3.7
527,1551P2PINVEST,죽전동 다가구 주택,midrate,해당없음,13.0,10개월,0.0,58.0,50000000,4,4.5
528,1552P2PINVEST,콩지POT지,funda,6등급,14.0,12개월,0.0,100.0,65000000,8,4.8
529,1553P2PINVEST,경기 용인 보정동 샬레파인비스타,together,해당없음,12.0,12개월,0.0,100.0,30000000,1,5.0
530,1554P2PINVEST,서울 강서 내발산동 수명산파크,together,해당없음,12.0,12개월,0.0,100.0,30000000,1,5.0
531,1555P2PINVEST,제주 구좌읍 송당리 근린생활시설,together,해당없음,13.0,12개월,0.0,100.0,200000000,1,5.0
532,1556P2PINVEST,충북 음성 동성리 LH쌍용예가,together,해당없음,12.0,12개월,0.0,100.0,10000000,1,5.0
533,1557P2PINVEST,양대화 2호,funded,해당없음,11.0,8개월,0.0,100.0,15000000,1,5.0
534,1558P2PINVEST,제2차 명품담보 사업자금 펀딩,cso,해당없음,14.0,2개월,0.0,100.0,200000000,3,5.0
535,1559P2PINVEST,포트폴리오 11호,honestfund,4.1등급,11.0,18개월,0.0,81.0,1190000000,12,4.3
536,1560P2PINVEST,향나무할인마트,funda,7등급,13.0,12개월,0.0,56.0,60000000,8,4.8
537,1561P2PINVEST,한우촌돼지마을&간장게장 (2차),funda,5등급,13.0,12개월,0.0,100.0,30000000,8,4.8
538,1562P2PINVEST,서울 동대문 답십리동 래미안위브,together,해당없음,12.0,12개월,0.0,100.0,80000000,1,5.0
539,1563P2PINVEST,인천 부평 청천동 푸르지오,together,해당없음,12.0,12개월,0.0,100.0,30000000,1,5.0
540,1564P2PINVEST,경기 이천 중리동 이천라온펠리스,together,해당없음,12.0,12개월,0.0,100.0,10000000,1,5.0
541,1565P2PINVEST,인천 서구 가좌동 진주아파트,together,해당없음,12.0,12개월,0.0,100.0,10000000,1,5.0
542,1566P2PINVEST,펀듀 48호,fundu,해당없음,16.0,3개월,0.0,100.0,500000000,3,4.0
543,1567P2PINVEST,24683채권 (기존 대출 전환 목적),peoplefund,6등급,13.0,24개월,0.0,100.0,12000000,21,3.7
544,1568P2PINVEST,24682채권 (기존 대출 전환 목적),peoplefund,3등급,7.08,24개월,0.0,100.0,20000000,21,3.7
545,1569P2PINVEST,24628채권 (기존 대출 전환 목적),peoplefund,5등급,10.0,24개월,0.0,100.0,6000000,21,3.7
546,1570P2PINVEST,24583채권 (생활비 목적),peoplefund,7등급,18.0,12개월,0.0,100.0,3000000,21,3.7
547,1571P2PINVEST,24537채권 (기존 대출 전환 목적),peoplefund,6등급,15.0,24개월,0.0,100.0,5000000,21,3.7
548,1572P2PINVEST,24470채권 (부업자금 목적),peoplefund,5등급,8.23,24개월,0.0,100.0,30000000,21,3.7
549,1573P2PINVEST,24457채권 (기존 대출 전환 목적),peoplefund,7등급,18.0,24개월,0.0,100.0,15000000,21,3.7
550,1574P2PINVEST,24424채권 (기존 대출 전환 목적),peoplefund,6등급,11.0,24개월,0.0,100.0,10000000,21,3.7
551,1575P2PINVEST,24289채권 (투자 목적),peoplefund,6등급,17.0,24개월,0.0,100.0,12000000,21,3.7
552,1576P2PINVEST,제50호 천안시 동남구 안서동 모텔(LTV 56%),sodit,해당없음,13.0,4개월,0.0,101.0,120000000,5,4.8
553,1577P2PINVEST,최우영 스시 압구정점,funda,4등급,14.0,15개월,0.0,53.0,50000000,8,4.8
554,1578P2PINVEST,대전 동구 용전동 토지 및 건물,together,해당없음,13.0,12개월,0.0,100.0,600000000,1,5.0
555,1579P2PINVEST,24727채권 (차량 구입 목적),peoplefund,3등급,6.29,24개월,0.0,35.0,9000000,21,3.7
556,1580P2PINVEST,24680채권 (생활비 목적),peoplefund,5등급,8.23,24개월,0.0,100.0,2000000,21,3.7
557,1581P2PINVEST,24665채권 (주택 구입 목적),peoplefund,5등급,9.06,24개월,0.0,29.0,21000000,21,3.7
558,1582P2PINVEST,24636채권 (기존 대출 전환 목적),peoplefund,5등급,12.0,24개월,0.0,42.0,15000000,21,3.7
559,1583P2PINVEST,24538채권 (기존 대출 전환 목적),peoplefund,6등급,13.0,24개월,0.0,36.0,18000000,21,3.7
560,1584P2PINVEST,럭키할인마트 1호,funded,해당없음,13.0,12개월,0.0,32.0,100000000,1,5.0
561,1585P2PINVEST,제51호 경기 평택시 청북면 근린상가(배당금 담보 대출),sodit,해당없음,11.0,2개월,0.0,100.0,300000000,5,4.8
562,1586P2PINVEST,서울 송파 신천동 장미아파트,together,해당없음,12.0,12개월,0.0,100.0,200000000,1,5.0
563,1587P2PINVEST,충남 아산 권곡동 서해그랑블1차,together,해당없음,13.0,12개월,0.0,100.0,50000000,1,5.0
564,1588P2PINVEST,경기 군포 당정동 뷰티아파트,together,해당없음,12.0,12개월,0.0,100.0,48000000,1,5.0
565,1589P2PINVEST,펀듀 49호,fundu,해당없음,16.0,4개월,0.0,68.0,600000000,3,4.0
566,1590P2PINVEST,한조 (2차),funda,7등급,16.0,12개월,0.0,100.0,20000000,8,4.8
567,1591P2PINVEST,후아유 NC경산점,funda,8등급,18.0,12개월,0.0,100.0,10000000,8,4.8
568,1592P2PINVEST,69호 경기도 고양시 다세대주택 신축,rooffunding,해당없음,18.0,9개월,0.0,100.0,600000000,0,
569,1593P2PINVEST,[이벤트 투자 2호] 보너스 받고 영화도 즐기자!,fridayfunding,해당없음,18.0,1개월,0.0,100.0,10000000,0,
570,1594P2PINVEST,[이벤트 투자 1호] 보너스 받고 불금 즐기자!,fridayfunding,해당없음,18.0,1개월,0.0,100.0,2000000,0,
571,1595P2PINVEST,[제2호]통밀로만,fridayfunding,해당없음,14.0,12개월,0.0,100.0,62700000,0,
572,1596P2PINVEST,[제1호]S-BODY FIT 민락점 1-1차,fridayfunding,해당없음,14.0,12개월,0.0,100.0,50000000,0,
573,1597P2PINVEST,비스트로 루다,funda,6등급,13.0,12개월,0.0,100.0,30000000,8,4.8
574,1598P2PINVEST,70호 인천시 남구 주안동 오피스텔 신축 3차,rooffunding,해당없음,18.0,14개월,0.0,100.0,300000000,0,
575,1599P2PINVEST,71호 인천시 주안동 오피스텔 신축 2차,rooffunding,해당없음,18.0,12개월,0.0,100.0,500000000,0,
576,1600P2PINVEST,대전 서구 월평동 다모아아파트,together,해당없음,12.0,12개월,0.0,100.0,10000000,1,5.0
577,1601P2PINVEST,광주 남구 진월동 풍림아파트,together,해당없음,13.0,12개월,0.0,100.0,20000000,1,5.0
578,1602P2PINVEST,전남 목포 옥암동 한국아델리움,together,해당없음,13.0,12개월,0.0,100.0,10000000,1,5.0
579,1603P2PINVEST,제48호 경기 용인시 처인구 남사면 토지,sodit,해당없음,14.0,6개월,0.0,109.0,160000000,5,4.8
580,1604P2PINVEST,25164채권 (생활비 목적),peoplefund,3등급,7.08,24개월,0.0,8.0,20000000,21,3.7
581,1605P2PINVEST,24867채권 (기존 대출 전환 목적),peoplefund,4등급,7.08,24개월,0.0,46.0,4000000,21,3.7
582,1606P2PINVEST,24845채권 (기존 대출 전환 목적),peoplefund,5등급,8.58,24개월,0.0,9.0,16000000,21,3.7
583,1607P2PINVEST,24598채권 (부업자금 목적),peoplefund,4등급,8.58,24개월,0.0,7.0,20000000,21,3.7
584,1608P2PINVEST,24562채권 (전월세보증금 목적),peoplefund,4등급,7.81,24개월,0.0,17.0,10000000,21,3.7
585,1609P2PINVEST,24190채권 (전월세보증금 목적),peoplefund,3등급,5.32,24개월,0.0,10.0,10000000,21,3.7
586,774P2PINVEST,경기 군포시 당동 무지개맨션,together,해당없음,12.0,12개월,0.0,100.0,25000000,1,5.0
587,775P2PINVEST,서울 강서구 가양동 동신아파트,together,해당없음,12.0,12개월,0.0,100.0,40000000,1,5.0
588,776P2PINVEST,충남 천안시 천안성환 이편한세상아파트,together,해당없음,9.0,12개월,0.0,100.0,240000000,1,5.0
589,777P2PINVEST,경기도 의왕시 포일동 동아아파트,together,해당없음,9.0,12개월,0.0,100.0,300000000,1,5.0
590,778P2PINVEST,인천 남동구 논현동 동보아파트,together,해당없음,9.0,12개월,0.0,100.0,200000000,1,5.0
591,779P2PINVEST,인천 부평구 산곡동 한화아파트,together,해당없음,12.0,12개월,0.0,100.0,20000000,1,5.0
592,780P2PINVEST,경기 부천시 심곡동 복사골맨션,together,해당없음,10.0,12개월,0.0,100.0,80000000,1,5.0
593,781P2PINVEST,경기 김포시 감정동 푸른마을아파트,together,해당없음,12.0,12개월,0.0,100.0,20000000,1,5.0
594,782P2PINVEST,서울 강서구 화곡동 태창아파트,together,해당없음,12.0,12개월,0.0,100.0,50000000,1,5.0
595,783P2PINVEST,서울 강남구 개포동 현대아파트,together,해당없음,12.0,12개월,0.0,100.0,250000000,1,5.0
596,784P2PINVEST,부산 해운대 우동 트럼프월드센텀아파트,together,해당없음,12.0,12개월,0.0,100.0,170000000,1,5.0
597,785P2PINVEST,경기 안산시 성포동 예술인아파트,together,해당없음,9.0,12개월,0.0,100.0,170000000,1,5.0
598,786P2PINVEST,경기 의정부시 용현동 송산주공아파트,together,해당없음,9.0,12개월,0.0,100.0,136000000,1,5.0
599,787P2PINVEST,경기 의정부시 신곡동 동신아파트,together,해당없음,12.0,12개월,0.0,100.0,62000000,1,5.0
600,788P2PINVEST,서울 중랑구 신내동 진로아파트,together,해당없음,12.0,12개월,0.0,100.0,36000000,1,5.0
601,789P2PINVEST,서울 강북구 미아동 한일아파트,together,해당없음,9.0,12개월,0.0,100.0,290000000,1,5.0
602,790P2PINVEST,경기 안양시 안양동 흥화아파트,together,해당없음,9.0,12개월,0.0,100.0,155000000,1,5.0
603,791P2PINVEST,서울 강북구 미아동 은혜빌라 ,together,해당없음,11.0,12개월,0.0,100.0,145000000,1,5.0
604,792P2PINVEST,서울 관악구 봉천동 벽산블루밍,together,해당없음,12.0,12개월,0.0,100.0,130000000,1,5.0
605,793P2PINVEST,충남 천안 동남구 신방동 대주피오레,together,해당없음,12.0,12개월,0.0,100.0,215000000,1,5.0
606,794P2PINVEST,서울 마포 중동  마포중동청구,together,해당없음,12.0,12개월,0.0,100.0,330000000,1,5.0
607,795P2PINVEST,경기 군포 당동 주공아파트,together,해당없음,12.0,12개월,0.0,100.0,10000000,1,5.0
608,796P2PINVEST,경기 하남 덕풍동 덕풍현대아파트,together,해당없음,9.0,12개월,0.0,100.0,180000000,1,5.0
609,797P2PINVEST,경기 양주 고읍동 한양수자인아파트,together,해당없음,12.0,12개월,0.0,100.0,15000000,1,5.0
610,798P2PINVEST,서울 중랑 면목동 형진아파트,together,해당없음,12.0,12개월,0.0,100.0,53000000,1,5.0
611,799P2PINVEST,경북 상주 신봉동 명지3차아파트,together,해당없음,9.0,12개월,0.0,100.0,75000000,1,5.0
612,800P2PINVEST,천안 서북구 백석동 호반리젠시빌,together,해당없음,12.0,12개월,0.0,100.0,45000000,1,5.0
613,801P2PINVEST,서울 강남구 자곡동 래미안강남힐즈,together,해당없음,12.0,12개월,0.0,100.0,600000000,1,5.0
614,802P2PINVEST,경기 화성 봉담 수영 동남메리트아파트,together,해당없음,9.0,12개월,0.0,100.0,135000000,1,5.0
615,803P2PINVEST,경기 수원 권선 호매실동 지에스아파트,together,해당없음,9.0,12개월,0.0,100.0,240000000,1,5.0
616,804P2PINVEST,경기 동두천 송내동 송내주공4단지,together,해당없음,9.0,12개월,0.0,100.0,96000000,1,5.0
617,805P2PINVEST,서울 강동 상일동 고덕리엔파크3단지,together,해당없음,12.0,12개월,0.0,100.0,20000000,1,5.0
618,806P2PINVEST,경기 광명 철산동 주공12단지,together,해당없음,9.0,12개월,0.0,100.0,340000000,1,5.0
619,807P2PINVEST,인천 연수구 옥련동 쌍용아파트,together,해당없음,12.0,12개월,0.0,100.0,11000000,1,5.0
620,808P2PINVEST,경기 구리 아천동 아치울빌리지,together,해당없음,12.0,12개월,0.0,100.0,20000000,1,5.0
621,809P2PINVEST,강원 원주 반곡동 힐데스하임5차,together,해당없음,12.0,12개월,0.0,100.0,20000000,1,5.0
622,810P2PINVEST,서울 성동 성수동 성수동아이파크,together,해당없음,12.0,12개월,0.0,100.0,55000000,1,5.0
623,811P2PINVEST,충남 아산 온천 온양동현대홈타운,together,해당없음,12.0,12개월,0.0,100.0,183000000,1,5.0
624,812P2PINVEST,대구 남구 대명동 동아대덕아파트,together,해당없음,12.0,12개월,0.0,100.0,65000000,1,5.0
625,813P2PINVEST,경기 군포 산본동 매화아파트,together,해당없음,11.0,12개월,0.0,100.0,30000000,1,5.0
626,814P2PINVEST,서울 도봉 창동 새울아파트,together,해당없음,10.0,12개월,0.0,100.0,175000000,1,5.0
627,815P2PINVEST,전남 순천 신대리 중흥s-클래스6단지,together,해당없음,11.0,12개월,0.0,100.0,15000000,1,5.0
628,816P2PINVEST,인천 계양 귤현동 계양센트레빌,together,해당없음,11.0,12개월,0.0,100.0,40000000,1,5.0
629,817P2PINVEST,경기 용인 기흥 보정동 샬레파인비스타,together,해당없음,10.0,12개월,0.0,100.0,330000000,1,5.0
630,818P2PINVEST,서울 강동 암사동 휴먼리버빌,together,해당없음,12.0,12개월,0.0,100.0,60000000,1,5.0
631,819P2PINVEST,서울 성북 정릉동 우성아파트,together,해당없음,12.0,12개월,0.0,100.0,25000000,1,5.0
632,820P2PINVEST,경기 화성 봉담 수영리 동남메리트,together,해당없음,13.0,12개월,0.0,100.0,20000000,1,5.0
633,821P2PINVEST,인천 부평 부평동 동아아파트,together,해당없음,10.0,12개월,0.0,100.0,175000000,1,5.0
634,822P2PINVEST,대구 동구 신천동 신천휴먼시아6단지,together,해당없음,10.0,12개월,0.0,100.0,195000000,1,5.0
635,823P2PINVEST,서울 서초 서초동 근린생활시설,together,해당없음,13.0,12개월,0.0,100.0,600000000,1,5.0
636,824P2PINVEST,서울 강동 천호동 천호코오롱상가아파트,together,해당없음,12.0,12개월,0.0,100.0,40000000,1,5.0
637,825P2PINVEST,서울 구로 구로동 이화우성아파트,together,해당없음,12.0,12개월,0.0,100.0,40000000,1,5.0
638,826P2PINVEST,서울 서초 서초동 근린생활시설,together,해당없음,13.0,12개월,0.0,100.0,500000000,1,5.0
639,827P2PINVEST,인천 부평 부개동 부개5단지주공,together,해당없음,12.0,12개월,0.0,100.0,15000000,1,5.0
640,828P2PINVEST,서울강동천호동코오롱상가아파트,together,해당없음,12.0,12개월,0.0,100.0,30000000,1,5.0
641,829P2PINVEST,서울 구로 구로동 근린생활시설,together,해당없음,14.0,12개월,0.0,100.0,1500000000,1,5.0
642,830P2PINVEST,인천 남동 만수동 향촌휴먼시아,together,해당없음,13.0,12개월,0.0,100.0,50000000,1,5.0
643,831P2PINVEST,경기 수원 권선동 신동아아파트,together,해당없음,12.0,12개월,0.0,100.0,15000000,1,5.0
644,832P2PINVEST,경기 화성 수영리 동남메리트,together,해당없음,12.0,12개월,0.0,100.0,135000000,1,5.0
645,833P2PINVEST,경기 구리 인창동 금호어울림,together,해당없음,11.0,12개월,0.0,100.0,225000000,1,5.0
646,834P2PINVEST,경기 부천 상동 행복한마을,together,해당없음,13.0,12개월,0.0,100.0,200000000,1,5.0
647,835P2PINVEST,서울 구로 신도림동 삼성쉐르빌,together,해당없음,12.0,12개월,0.0,100.0,30000000,1,5.0
648,836P2PINVEST,서울 구로 오류동 근린생활시설,together,해당없음,13.0,12개월,0.0,100.0,220000000,1,5.0
649,837P2PINVEST,경남 거제 오비리 신우마리나타운,together,해당없음,12.0,12개월,0.0,100.0,100000000,1,5.0
650,838P2PINVEST,경기 의정부 용현동 송산주공아파트,together,해당없음,12.0,12개월,0.0,100.0,125000000,1,5.0
651,839P2PINVEST,경기 안양 안양동 흥화아파트,together,해당없음,9.0,12개월,0.0,100.0,155000000,1,5.0
652,840P2PINVEST,경기 의왕 학의동 주택 및 토지,together,해당없음,14.0,12개월,0.0,100.0,2147483647,1,5.0
653,841P2PINVEST,서울 구로 구로동 이화우성아파트,together,해당없음,13.0,12개월,0.0,100.0,40000000,1,5.0
654,842P2PINVEST,경기 군포 산본동 주공아파트,together,해당없음,12.0,12개월,0.0,100.0,10000000,1,5.0
655,843P2PINVEST,경북 포항 장성동 삼도뷰엔빌W,together,해당없음,12.0,12개월,0.0,100.0,85000000,1,5.0
656,844P2PINVEST,강원 원주 우산동 한라비발디2차,together,해당없음,15.0,12개월,0.0,100.0,30000000,1,5.0
657,845P2PINVEST,경기 성남 도촌동 휴먼시아섬마을,together,해당없음,12.0,12개월,0.0,100.0,100000000,1,5.0
658,846P2PINVEST,서울 노원 중계동 중계7단지주공,together,해당없음,12.0,12개월,0.0,100.0,25000000,1,5.0
659,847P2PINVEST,서울 강서구 화곡동 푸르지오,together,해당없음,12.0,12개월,0.0,100.0,70000000,1,5.0
660,848P2PINVEST,인천 남동 간석동 엘에이치2단지,together,해당없음,12.0,12개월,0.0,100.0,15000000,1,5.0
661,849P2PINVEST,경기 수원 권선 금곡동 거산아파트,together,해당없음,12.0,12개월,0.0,100.0,10000000,1,5.0
662,850P2PINVEST,광주 광산 신창 신창3차부영사랑으로,together,해당없음,9.0,12개월,0.0,100.0,25000000,1,5.0
663,851P2PINVEST,경기 시흥 정왕동 삼성아파트,together,해당없음,12.0,12개월,0.0,100.0,24000000,1,5.0
664,852P2PINVEST,경기 수원 영통 망포동 늘푸른벽산,together,해당없음,12.0,12개월,0.0,100.0,45000000,1,5.0
665,853P2PINVEST,경기 안산 상록 성포동 선경아파트,together,해당없음,12.0,12개월,0.0,100.0,55000000,1,5.0
666,854P2PINVEST,충북청주오창읍 쌍용스윗닷홈오창예가,together,해당없음,12.0,12개월,0.0,100.0,23000000,1,5.0
667,855P2PINVEST,인천 남동 논현 에코한화꿈에그린,together,해당없음,12.0,12개월,0.0,100.0,53000000,1,5.0
668,856P2PINVEST,경기고양덕양도내 LH원흥도래울마을,together,해당없음,15.0,12개월,0.0,100.0,30000000,1,5.0
669,857P2PINVEST,충남 천안 백석 백석벽산블루밍2차,together,해당없음,12.0,12개월,0.0,100.0,26000000,1,5.0
670,858P2PINVEST,서울 강남 도곡동 타워팰리스,together,해당없음,12.0,12개월,0.0,100.0,200000000,1,5.0
671,859P2PINVEST,경기 의정부 녹양동 현대아파트,together,해당없음,9.0,12개월,0.0,100.0,125000000,1,5.0
672,860P2PINVEST,경기 파주 금촌동 대방노블랜드,together,해당없음,11.0,12개월,0.0,100.0,25000000,1,5.0
673,861P2PINVEST,경기 파주 조리읍 봉일천리 태양연립,together,해당없음,9.0,12개월,0.0,100.0,30000000,1,5.0
674,862P2PINVEST,서울 종로 원서동 대성빌라,together,해당없음,12.0,12개월,0.0,100.0,10000000,1,5.0
675,863P2PINVEST,인천 부평 산곡동 동원아파트,together,해당없음,12.0,12개월,0.0,100.0,55000000,1,5.0
676,864P2PINVEST,서울 강북 미아동 미아요진아파트,together,해당없음,11.0,12개월,0.0,100.0,20000000,1,5.0
677,865P2PINVEST,서울 중랑구 면목동 단독주택,together,해당없음,12.0,12개월,0.0,100.0,20000000,1,5.0
678,866P2PINVEST,경기 용인 상현동 상현마을동일스위트,together,해당없음,10.0,12개월,0.0,100.0,300000000,1,5.0
679,867P2PINVEST,경기 광명 철산동 광명푸르지오,together,해당없음,12.0,12개월,0.0,100.0,40000000,1,5.0
680,868P2PINVEST,경기 구리 인창동 아름마을인창래미안,together,해당없음,11.0,12개월,0.0,100.0,35000000,1,5.0
681,869P2PINVEST,서울 서초 양재동 해륭파크빌리지,together,해당없음,11.0,12개월,0.0,100.0,100000000,1,5.0
682,870P2PINVEST,서울 서초 반포동 신반포아파트,together,해당없음,11.0,12개월,0.0,100.0,30000000,1,5.0
683,871P2PINVEST,경기 평택 안중 현화리 성원아파트,together,해당없음,12.0,12개월,0.0,100.0,85000000,1,5.0
684,872P2PINVEST,인천 계양 작전동 작전2-2차현대,together,해당없음,12.0,12개월,0.0,100.0,260000000,1,5.0
685,873P2PINVEST,경기수원권선세류 LH수원센트럴1단지,together,해당없음,12.0,12개월,0.0,100.0,40000000,1,5.0
686,874P2PINVEST,인천 남구 용현동 다세대주택,together,해당없음,10.0,12개월,0.0,100.0,33000000,1,5.0
687,875P2PINVEST,서울 마포 상암동 월드컵파크3단지,together,해당없음,12.0,12개월,0.0,100.0,200000000,1,5.0
688,876P2PINVEST,경기 안산 단원 고잔동 주공9단지,together,해당없음,11.0,12개월,0.0,100.0,20000000,1,5.0
689,877P2PINVEST,경기 양주장현리 진접하우스토리,together,해당없음,12.0,12개월,0.0,100.0,25000000,1,5.0
690,878P2PINVEST,서울 마포 신공덕동 펜트라우스,together,해당없음,12.0,12개월,0.0,100.0,40000000,1,5.0
691,879P2PINVEST,경기용인처인양지평창리 단독주택,together,해당없음,10.0,12개월,0.0,100.0,130000000,1,5.0
692,880P2PINVEST,강원횡성둔내자포곡리 동산아파트,together,해당없음,12.0,12개월,0.0,100.0,10000000,1,5.0
693,881P2PINVEST,경기 화성 봉담 상리 동문굿모닝힐,together,해당없음,12.0,12개월,0.0,100.0,14000000,1,5.0
694,882P2PINVEST,대구 달서 상인동 산호보성주택,together,해당없음,12.0,12개월,0.0,100.0,30000000,1,5.0
695,883P2PINVEST,서울 도봉구 창동 근린생활시설,together,해당없음,13.0,12개월,0.0,100.0,300000000,1,5.0
696,884P2PINVEST,경기성남분당이매동 이매촌동부아파트,together,해당없음,11.0,12개월,0.0,100.0,100000000,1,5.0
697,885P2PINVEST,인천 남동 간석동 빌라,together,해당없음,11.0,12개월,0.0,100.0,60000000,1,5.0
698,886P2PINVEST,경기 의정부 민락동 한라비발디,together,해당없음,12.0,12개월,0.0,100.0,27000000,1,5.0
699,887P2PINVEST,서울 강남 세곡동 세곡푸르지오,together,해당없음,12.0,12개월,0.0,100.0,33000000,1,5.0
700,888P2PINVEST,강원 태백 화전동 태백팔마아파트,together,해당없음,11.0,12개월,0.0,100.0,10000000,1,5.0
701,889P2PINVEST,대구 동구 각산동 문화하이츠빌라,together,해당없음,10.0,12개월,0.0,100.0,55000000,1,5.0
702,890P2PINVEST,경기 하남 덕풍동 벽산블루밍,together,해당없음,12.0,12개월,0.0,100.0,35000000,1,5.0
703,891P2PINVEST,제주 구좌읍 송당리 근린생활시설,together,해당없음,13.0,12개월,0.0,100.0,500000000,1,5.0
704,892P2PINVEST,서울 송파 가락동 가락쌍용아파트,together,해당없음,12.0,12개월,0.0,100.0,40000000,1,5.0
705,893P2PINVEST,경기 안양 안양동 뉴골든아파트,together,해당없음,11.0,12개월,0.0,100.0,12000000,1,5.0
706,894P2PINVEST,서울 강남 역삼동 근린생활시설,together,해당없음,14.0,12개월,0.0,100.0,600000000,1,5.0
707,895P2PINVEST,경기 의왕 왕곡동 충무아파트,together,해당없음,12.0,12개월,0.0,100.0,35000000,1,5.0
708,896P2PINVEST,서울 강남 도곡동 타워팰리스,together,해당없음,12.0,12개월,0.0,100.0,50000000,1,5.0
709,897P2PINVEST,서울 도봉 도봉동 예경파크빌,together,해당없음,11.0,12개월,0.0,100.0,110000000,1,5.0
710,898P2PINVEST,경기 용인 죽전동 성현마을반도유보라,together,해당없음,12.0,12개월,0.0,100.0,11000000,1,5.0
711,899P2PINVEST,경기 안성 용두리 주은풍림아파트,together,해당없음,12.0,12개월,0.0,100.0,15000000,1,5.0
712,900P2PINVEST,경기 고양 장항동 호수마을아파트,together,해당없음,12.0,12개월,0.0,100.0,30000000,1,5.0
713,901P2PINVEST,충남 천안 신계리 목천신도브래뉴2차,together,해당없음,11.0,12개월,0.0,100.0,20000000,1,5.0
714,902P2PINVEST,경기 남양주 금곡리 해밀마을5단지,together,해당없음,12.0,12개월,0.0,100.0,20000000,1,5.0
715,903P2PINVEST,경기 안산 초지동 호수마을,together,해당없음,13.0,12개월,0.0,100.0,80000000,1,5.0
716,904P2PINVEST,경기 부천 오정동 세종아파트,together,해당없음,12.0,12개월,0.0,100.0,20000000,1,5.0
717,905P2PINVEST,경기 수원 구운동 성원아파트,together,해당없음,12.0,12개월,0.0,100.0,15000000,1,5.0
718,906P2PINVEST,경기 의정부 민락동 민락15단지,together,해당없음,12.0,12개월,0.0,100.0,10000000,1,5.0
719,907P2PINVEST,서울 서초 방배동 덕산빌라,together,해당없음,12.0,12개월,0.0,100.0,35000000,1,5.0
720,908P2PINVEST,충북 청주 금천동 장자마을부영,together,해당없음,12.0,12개월,0.0,100.0,25000000,1,5.0
721,909P2PINVEST,경기 고양 식사동 일산자이4단지,together,해당없음,13.0,12개월,0.0,100.0,53000000,1,5.0
722,910P2PINVEST,경기 평택 서정동 토지,together,해당없음,13.0,12개월,0.0,100.0,14000000,1,5.0
723,911P2PINVEST,서울 용산 문배동 이안용산1차,together,해당없음,12.0,12개월,0.0,100.0,45000000,1,5.0
724,912P2PINVEST,경기 안산 고잔동 주공9단지,together,해당없음,12.0,12개월,0.0,100.0,22000000,1,5.0
725,913P2PINVEST,경기 성남 이매동 이매포스파크,together,해당없음,12.0,12개월,0.0,100.0,75000000,1,5.0
726,914P2PINVEST,경기 용인 양지리 근린생활시설,together,해당없음,14.0,12개월,0.0,100.0,500000000,1,5.0
727,915P2PINVEST,서울 성동 마장동 마장동현대,together,해당없음,12.0,12개월,0.0,100.0,30000000,1,5.0
728,916P2PINVEST,경기 수원 호매실동 호매실스위첸,together,해당없음,12.0,12개월,0.0,100.0,55000000,1,5.0
729,917P2PINVEST,경기 부천 송내동 삼우아파트,together,해당없음,12.0,12개월,0.0,100.0,25000000,1,5.0
730,918P2PINVEST,서울 서초 잠원동 유로미아파트,together,해당없음,12.0,12개월,0.0,100.0,30000000,1,5.0
731,919P2PINVEST,경기 용인 죽전동 한양수자인,together,해당없음,12.0,12개월,0.0,100.0,10000000,1,5.0
732,920P2PINVEST,경기 용인 성복동 성복자이2차,together,해당없음,13.0,12개월,0.0,100.0,48000000,1,5.0
733,921P2PINVEST,경기 용인 중동 동백아이파크,together,해당없음,13.0,12개월,0.0,100.0,32000000,1,5.0
734,922P2PINVEST,경기 성남 정자동 한솔마을,together,해당없음,13.0,12개월,0.0,100.0,300000000,1,5.0
735,923P2PINVEST,경기 수원 조원동 수원한일타운,together,해당없음,13.0,12개월,0.0,100.0,28000000,1,5.0
736,924P2PINVEST,강원 속초 조양동 양우내안애,together,해당없음,12.0,12개월,0.0,100.0,12000000,1,5.0
737,925P2PINVEST,충남 서산 동문동 현대아파트,together,해당없음,12.0,12개월,0.0,100.0,10000000,1,5.0
738,926P2PINVEST,서울 영등포 대림동 리치빌,together,해당없음,13.0,12개월,0.0,100.0,100000000,1,5.0
739,927P2PINVEST,서울 강남 자곡동 한양수자인,together,해당없음,12.0,12개월,0.0,100.0,90000000,1,5.0
740,928P2PINVEST,서울 용산 후암동 용산더힐,together,해당없음,12.0,12개월,0.0,100.0,35000000,1,5.0
741,929P2PINVEST,경기 용인 보정동 샬레파인비스타,together,해당없음,12.0,12개월,0.0,100.0,30000000,1,5.0
742,930P2PINVEST,경기 양주 고읍동 한양수자인,together,해당없음,12.0,12개월,0.0,100.0,15000000,1,5.0
743,931P2PINVEST,경기 군포 당동 주공아파트,together,해당없음,12.0,12개월,0.0,100.0,10000000,1,5.0
744,932P2PINVEST,대전 서구 만년동 골드벤처타운,together,해당없음,13.0,12개월,0.0,100.0,420000000,1,5.0
745,933P2PINVEST,서울 구로 구로동 근린생활시설,together,해당없음,13.0,12개월,0.0,100.0,400000000,1,5.0
746,934P2PINVEST,경북 구미 옥계동 동화타운,together,해당없음,13.0,12개월,0.0,100.0,30000000,1,5.0
747,935P2PINVEST,부산 해운대 좌동 건영아파트,together,해당없음,12.0,12개월,0.0,100.0,200000000,1,5.0
748,936P2PINVEST,경기 용인 보정동 우영프라자,together,해당없음,13.0,12개월,0.0,100.0,24000000,1,5.0
749,937P2PINVEST,경기 안성 남풍리 단독주택,together,해당없음,13.0,12개월,0.0,100.0,16000000,1,5.0
750,938P2PINVEST,서울 동작 동작동 이수힐스테이트,together,해당없음,13.0,12개월,0.0,100.0,70000000,1,5.0
751,939P2PINVEST,경남 창원 무동리 창원무동STX칸1차,together,해당없음,12.0,12개월,0.0,100.0,27000000,1,5.0
752,940P2PINVEST,부산 수영 남천동 남천엑슬루타워,together,해당없음,13.0,12개월,0.0,100.0,100000000,1,5.0
753,941P2PINVEST,서울 금천 시흥동 탑스빌아파트,together,해당없음,12.0,12개월,0.0,100.0,60000000,1,5.0
754,942P2PINVEST,서울 중랑 면목동 형진아파트,together,해당없음,12.0,12개월,0.0,100.0,65000000,1,5.0
755,943P2PINVEST,서울 구로 오류동 근린생활시설,together,해당없음,13.0,12개월,0.0,100.0,100000000,1,5.0
756,944P2PINVEST,경기 부천 상동 행복한마을,together,해당없음,13.0,12개월,0.0,100.0,40000000,1,5.0
757,945P2PINVEST,경기 의정부 호원동 신도아파트,together,해당없음,12.0,12개월,0.0,100.0,30000000,1,5.0
758,946P2PINVEST,서울 마포 아현동 래미안푸르지오,together,해당없음,12.0,12개월,0.0,100.0,50000000,1,5.0
759,947P2PINVEST,경기 수원 조원동 벽산아파트,together,해당없음,12.0,12개월,0.0,100.0,15000000,1,5.0
760,948P2PINVEST,서울 동대문구 장안동 현대홈타운,together,해당없음,12.0,12개월,0.0,100.0,40000000,1,5.0
761,949P2PINVEST,서울 송파 문정동 건영아파트,together,해당없음,12.0,12개월,0.0,100.0,30000000,1,5.0
762,950P2PINVEST,서울 강북 미아동 북한산그랑빌,together,해당없음,12.0,12개월,0.0,100.0,30000000,1,5.0
763,951P2PINVEST,대전 서구 복수동 초록마을2단지,together,해당없음,12.0,12개월,0.0,100.0,180000000,1,5.0
764,952P2PINVEST,서울 관악 신림동 관악산휴먼시아,together,해당없음,12.0,12개월,0.0,100.0,40000000,1,5.0
765,953P2PINVEST,서울 성동 행당동 신동아아파트,together,해당없음,13.0,12개월,0.0,100.0,45000000,1,5.0
766,954P2PINVEST,경기 일산동구 중산동 중산마을,together,해당없음,13.0,12개월,0.0,100.0,19000000,1,5.0
767,955P2PINVEST,경기 화성시 반송동 우남퍼스트빌,together,해당없음,13.0,12개월,0.0,100.0,30000000,1,5.0
768,956P2PINVEST,경기 남양주 오남리 대한아파트,together,해당없음,13.0,12개월,0.0,100.0,95000000,1,5.0
769,957P2PINVEST,서울 광진구 중곡동 예다움,together,해당없음,13.0,12개월,0.0,100.0,60000000,1,5.0
770,958P2PINVEST,서울 영등포구 여의도동 대교아파트,together,해당없음,12.0,12개월,0.0,100.0,40000000,1,5.0
771,959P2PINVEST,경기 시흥 거모동 동하시티,together,해당없음,13.0,12개월,0.0,100.0,19000000,1,5.0
772,960P2PINVEST,서울 은평 신사동 찬솔팰리스,together,해당없음,13.0,12개월,0.0,100.0,14000000,1,5.0
773,961P2PINVEST,경기 용인 기흥 동백동 휴먼시아,together,해당없음,12.0,12개월,0.0,100.0,20000000,1,5.0
774,962P2PINVEST,서울 성동 하왕십리동 금호베스트빌,together,해당없음,12.0,12개월,0.0,100.0,20000000,1,5.0
775,963P2PINVEST,인천 서구 마전동 다가구주택,together,해당없음,13.0,12개월,0.0,100.0,140000000,1,5.0
776,964P2PINVEST,서울 광진 중곡동 건양쉐르빌,together,해당없음,11.0,12개월,0.0,100.0,35000000,1,5.0
777,965P2PINVEST,서울 서대문 남가좌동 삼성아파트,together,해당없음,12.0,12개월,0.0,100.0,30000000,1,5.0
778,966P2PINVEST,서울 강남 신사동 근린생활시설,together,해당없음,14.0,12개월,0.0,100.0,1200000000,1,5.0
779,967P2PINVEST,경기 고양 화정동 에덴다모은정,together,해당없음,10.0,12개월,0.0,100.0,230000000,1,5.0
780,968P2PINVEST,경기 의왕 학의동 주택 및 토지,together,해당없음,14.0,12개월,0.0,100.0,1000000000,1,5.0
781,969P2PINVEST,경기 부천 범박동 범박휴먼시아,together,해당없음,12.0,12개월,0.0,100.0,30000000,1,5.0
782,970P2PINVEST,인천 부평 삼산동 삼산주공미래타운,together,해당없음,12.0,12개월,0.0,100.0,10000000,1,5.0
783,971P2PINVEST,서울 강남 자곡동 LH강남브리즈힐,together,해당없음,12.0,12개월,0.0,100.0,100000000,1,5.0
784,972P2PINVEST,서울 마포 상암동 월드컵파크3단지,together,해당없음,12.0,12개월,0.0,100.0,100000000,1,5.0
785,973P2PINVEST,전남 목포 옥암동 한국아델리움,together,해당없음,13.0,12개월,0.0,100.0,20000000,1,5.0
786,974P2PINVEST,서울 강서 화곡동 우장산롯데캐슬,together,해당없음,13.0,12개월,0.0,100.0,70000000,1,5.0
787,975P2PINVEST,서울 광진 자양동 자양현대3차,together,해당없음,12.0,12개월,0.0,100.0,80000000,1,5.0
788,976P2PINVEST,서울 강남 대치동 한보미도맨션,together,해당없음,12.0,12개월,0.0,100.0,20000000,1,5.0
789,977P2PINVEST,경북 포항 지곡동 효자그린,together,해당없음,12.0,12개월,0.0,100.0,90000000,1,5.0
790,978P2PINVEST,인천 동구 송림동 근린생활시설,together,해당없음,14.0,12개월,0.0,100.0,1300000000,1,5.0
791,979P2PINVEST,서울 광진 자양동 우성아파트,together,해당없음,12.0,12개월,0.0,100.0,20000000,1,5.0
792,980P2PINVEST,경기 안양 안양동 성원아파트,together,해당없음,12.0,12개월,0.0,100.0,33000000,1,5.0
793,981P2PINVEST,서울 종로 내수동 경희궁의아침4단지,together,해당없음,12.0,12개월,0.0,100.0,300000000,1,5.0
794,982P2PINVEST,경기 광주 오포읍 양벌리쌍용아파트,together,해당없음,12.0,12개월,0.0,100.0,18000000,1,5.0
795,983P2PINVEST,서울 중구 회현동 롯데캐슬아이리스,together,해당없음,12.0,12개월,0.0,100.0,100000000,1,5.0
796,984P2PINVEST,강원 원주 무실동 무실이편한세상,together,해당없음,12.0,12개월,0.0,100.0,30000000,1,5.0
797,985P2PINVEST,서울 중구 신당동 근린생활시설,together,해당없음,16.0,12개월,0.0,100.0,1300000000,1,5.0
798,986P2PINVEST,경기 남양주 퇴계원리 강남아파트,together,해당없음,12.0,12개월,0.0,100.0,20000000,1,5.0
799,987P2PINVEST,서울 동대문 이문동 삼익아파트,together,해당없음,12.0,12개월,0.0,100.0,19000000,1,5.0
800,988P2PINVEST,경기 하남 신장동 에코타운,together,해당없음,12.0,12개월,0.0,100.0,50000000,1,5.0
801,989P2PINVEST,경기 의정부 민락동 산들마을,together,해당없음,12.0,12개월,0.0,100.0,55000000,1,5.0
802,990P2PINVEST,전북 전주 서노송동 근린생활시설,together,해당없음,13.0,12개월,0.0,100.0,64000000,1,5.0
803,991P2PINVEST,15951채권 (생활비 목적),peoplefund,6등급,18.0,24개월,0.0,100.0,5000000,21,3.7
804,992P2PINVEST,15899채권 (기존 대출 전환 목적),peoplefund,6등급,15.0,24개월,0.0,100.0,5000000,21,3.7
805,993P2PINVEST,15846채권 (기존 대출 전환 목적),peoplefund,4등급,7.43,24개월,0.0,100.0,6000000,21,3.7
806,994P2PINVEST,15832채권 (기존 대출 전환 목적),peoplefund,5등급,13.0,24개월,0.0,100.0,16000000,21,3.7
807,995P2PINVEST,15731채권 (생활비 목적),peoplefund,5등급,6.21,24개월,0.0,100.0,30000000,21,3.7
808,996P2PINVEST,제32호 경기 안성시 가유리 공장 (배당금 담보 대출),sodit,해당없음,12.0,3개월,0.0,100.0,180000000,5,4.8
809,997P2PINVEST,팀버가든 2호,funded,해당없음,11.0,6개월,0.0,100.0,50000000,1,5.0
810,998P2PINVEST,철든놈(4차),funda,4등급,11.0,18개월,0.0,100.0,150000000,8,4.8
811,999P2PINVEST,펀듀 36호,fundu,해당없음,15.0,4개월,0.0,100.0,400000000,3,4.0
