,company,idandtype,review_counts,reviewid,date,total_rating,interest_sat,online_sat,prof_sat,service_sat,review
0,bnkbs,165RENT,1,11042,2016. 04. 20.,3.25,5,1,3,4,"동생 결혼과 시어머니 환갑, 여행 때문에 카드값이 천만원이 넘게 나올 상황이라 목돈이 필요해 많이 고민하던 중 전세자금대출인데 생활자금으로 사용할 수 있다고 해서 지점에 찾아가서 가입하게 되었구요. 카드론으로 받았으면 엄청 비싸게 (10~15%)로 받았을텐데, 전 3% 초반으로 바로 돌려막을 수 있었어요. 다만 2천만원 이하로 빌리는 경우에는 0.2% 금리가 가산되더라구요. 적게빌리면 금리가 낮을 줄 알았는데, 오히려 반대였어요. 필요한 서류들이 좀 많긴한데, 그래도 한 번 수고해서 이자 많이 세이브할 수 있으니 부산은행 지점 주변에 사시는 분들 중에 저와 같은 고민했던 분들에게는 강추합니다!"
1,bnkgn,171RENT,1,11051,2016. 04. 20.,3.25,4,2,4,3,"회사 입사하고 2년차 때 울산으로 발령이 나서 구영에 있는 아파트를 구하게 되어서 전세로 들어가게 되었는데요. 25평에 9천 정도에 들어왔는데 제가 들어갈 때 거의 새집이었어요. 수도권에서 이런 가격에 이런 집 상상도 못할텐데.. 부모님 도움 조금 받아 2천만원은 받고 나머지 7천만원 대출받았구요. 시중 금리가 낮아서 3% 초반이면 정말 저렴하게 받은 것 같아요. 은행을 잘 가지 않아서 전문성이나 서비스 친절도는 잘 모르겠어요. 회사 일 때문에 은행가는 것도 사실 눈치보이는데, 친절보다는 빨리 일처리 해주면 좋겠다고 늘 생각한다는... "
2,gwangju,168RENT,2,11047,2016. 04. 20.,3.0,3,1,4,4,"지난 2월 결혼 준비로 시세보다 훨씬 저렴한 LH공사 아파트 전세를 알아보게 되었고, 저렴한 반면에 대부분 분양받은 주인분들이 많은 대출을 갖고 있어서 전세보증금을 안전하게 회수할 수 있을지 걱정하던 중, 광주은행 스위트홈론을 알게되었는데요. 대한주택보증의 전세금반환보증상품이 결합되어 있어, 전세보증금 및 대출금 상환을 책임지는 구조라고 하더라구요. 그래서 저같은 세입자 입장에서는 보증서가 하나 생긴 기분이라 적극적으로 상담을 했었는데요. 

결국에는 최종적으로 우대금리까지 적용한 대출금리가 다른 은행보다 저렴하지 않아서 (전 4% 후반대가 나왔는데요.) 상담은 하고 가입하지는 못했어요. 특히 주거래 은행이 광주은행이 아니다 보니 신용카드 이용이나 자동이체 거래 등을 옮기는 것이 부담도 되더라구요.  하지만 상담도 친절하게 해주고 특히 이런 상품을 만들어서 출시한다는 것도 매우 고객입장에서는 좋다고 생각합니다! "
3,gwangju,168RENT,2,11048,2016. 04. 20.,3.25,3,2,4,4,전세자금이 필요해서 일단 전화로 문의해 봤음. 상담해주신 직원분은 친절했는데 금리가 조금 높았음.   금리만 조금 싸면 좋겠는데 ... 일단은 결정 보류중.
4,hanwha_life,201RENT,1,19699,2016. 04. 13.,2.25,3,2,2,2,"대출시 말을 번복이 있어서 매우 불쾌했다 하지만, 대출이 다 된다고했다가 다시 안된다고 했다가 자꾸 말을 번복"
5,ibk,181RENT,7,11115,2016. 05. 01.,4.0,4,4,4,4,"기존전세자금 대출이 있는 상황에 집 이사로 인해 전세금 추가대로 대출이 필요했습니다
또한 추가받을시 기존 대출 금리를 비교해서 조금이라도 낮은 이자로 받을수 있는지 상담을 하였습니다
앞으로 좋은 정보 많이 부탁드립니다"
6,ibk,181RENT,7,11116,2016. 04. 13.,3.5,3,3,4,4,전세대출을 받았는데 대출상담을 친절히 응대해줘서 좋았음
7,ibk,181RENT,7,11117,2016. 04. 13.,3.0,3,3,3,3,"타사에도 똑같이 적용되는 상품이라 어딜가나 똑같아요 하지만, 타사에도 똑같이 적용되는 상품이라 어딜가나 똑같아요"
8,ibk,181RENT,7,11118,2016. 04. 13.,3.0,3,3,2,4,전세난에 어쩔수없이 삼천대출을 받게되었고 급여통장인 기업은행을 선택하게되었습니다 담당직원은 묻지도않고 디딤돌대출을 작성하다가 해당이안돼서 처음부터 다시작성하게돼서 짜증이 났고 일처리가 늦어 짜증이 많이났습니다 대체로 친절하긴했지만 서류도 많고 다시는 하고 싶지않네요
9,ibk,181RENT,7,11119,2016. 04. 13.,3.0,3,3,3,3,그냥부모님권유로해서 잘모르겟다
10,ibk,181RENT,7,11120,2016. 04. 13.,3.0,3,3,3,3,"작년말에 부모님과 같이 살던 집에서 독립하게되었다. 이유는 취직을 해서 직장이 가까운 곳에서 출퇴근을 하기위해서 였으며, 월세가 없어서 내 주거래 은행에 방문하여 상담 및 대출조건등을 받았으며 서류를 지참 후 제출하여 대출을 받을 수 있게되었다. 그리고 요즘은 꾸준히 이자를 내면서 생활하고 있다."
11,ibk,181RENT,7,11121,2016. 04. 13.,3.0,3,3,3,3,신혼부부로 전세금이 부족하여 기업은행에서 전세자금대출을 3000만원을 2.9%로 받았습니다. 나라에서 하는 버팀목 전세자금이라 주거래 은행 할인은 없던거 같고 직원이 친절하였으나 다른상품가입권유를 계속해서 좀 그랬습니다
12,jbb,170RENT,1,11050,2016. 04. 20.,3.5,4,3,3,4,전세자금이 필요해서 이것저것 대출을 알아본 결과 금리면에서는 조금 부족하지만 그래도 지역내 은행이라 여러가지로 편리할것 같아서 상담을 받아봤습니다.  상담은 그런대로 친절한듯. 아직 결정은 못했지만 도움은 많이 되었습니다.
13,jeju,169RENT,1,11049,2016. 04. 20.,3.0,4,1,3,4,"아이 교육 때문에 많이 고민하다가 남편은 남겨둔채 저와 아이가 제주도로 가게 되었고, 월세에 있다가 매월 나가는 비용이 너무 커서 전세를 하기로 결정했는데요. 2억 5천만원 정도가 필요했는데, 제 명의는 안되다고 해서 세대주인 남편 명의로 2억원까지 받을 수 있었습니다.  실적이 별로 없어서 우대금리를 많이 받진 못했어요. 최저로는 2.8%정도 된다고 해서 기대했었는데.. 서울처럼 지점이 많은 건 아니지만 그래도 제주에 살면서 생각보다 많이 이용하고 있습니다. "
14,kb,52RENT,28,9308,2016. 04. 13.,4.0,4,4,4,4,"대출상담이 친절했고 중도상환 관련 조건 등이 좋다 하지만, 전화응대가 어려운 적이 있었다"
15,kb,52RENT,28,9309,2016. 04. 13.,2.0,1,1,3,3,"전세자금대출로 대출이 매우 유용하긴했다 하지만, 금리도 높고 불친절했다"
16,kb,52RENT,28,9310,2016. 04. 13.,2.75,3,3,2,3,"인터넷으로 원금상환을 필요할때마다 할수있어 은행가는 번거로움이 없음 하지만, 대출받기 위한 절차가 복잡하고 힘든 점"
17,kb,52RENT,28,9311,2016. 04. 13.,4.0,4,4,4,4,"전세대출을 받았는데 신속하고 정확하게 상담해준다, 단점은 보다 다양한 상품이 부족하다"
18,kb,52RENT,28,9312,2016. 04. 13.,2.75,3,1,5,2,"은행 규모가 커서 그런지 다른 은행보다 대출 금리가 낮았음, 단점은 대출 문의시 응대해주는 직원의 태도가 불성실해서 기분이 나빴음"
19,kb,52RENT,28,9313,2016. 04. 13.,3.5,3,3,4,4,"정부지원 대출이라 조건은 은행마다 동일하지만, 국민은행에서 친절하게 응대해줘서 하게 되었음, 단점은 시간이 부족한 직장인들에게 스마트폰으로 1:1상담이라던가 하는 서비스가 생겼음 좋겠다"
20,kb,52RENT,28,9314,2016. 04. 13.,2.5,3,2,3,2,"지점이 많아서 은행 내방하기가 편리함, 단점은 대출시 주의 사항에 대한 전달이 부족했음"
21,kb,52RENT,28,9315,2016. 04. 13.,3.75,3,4,5,3,"지점을 찾아갔을 때는 상담을 친절하게 잘 해줌, 단점은 전화로 상담했을 때는 제대로 대응해주지 못해 불만족"
22,kb,52RENT,28,9316,2016. 04. 13.,2.75,3,3,3,2,"저금리의 이율로 효율적으로 진행할수 있는것이 최대 장점인거 같아요, 단점은 상담때 열심히 해주는것 같지 않았고 자세한 설명이 부족 "
23,kb,52RENT,28,9317,2016. 04. 13.,3.5,4,4,3,3,"안 그래도 직장 다닌지 몇년 안되서 새로 결혼해서 전세금 마련하기 부담스러웠는데, 자격제한이 있긴 하지만 저금리로 전세대출 할 수 있어서 참 좋아요, 단점은 부부합산 연소득 6천만원 이하인 경우에만 받을 수 있어서... 요건을 조금만 더 완화했으면 좋겠어요. 갈수록 전세금도 올라가는데 한도도 현실적으로 좀 더 증액해주고요"
24,kb,52RENT,28,9318,2016. 04. 13.,5.0,5,5,5,5,지점이 많고 주거래은행이라 편해요 그런데 별로 없어요. 다만 상환하는 과정에서 좀 더 전문적인 상담을 받을 수 있음 좋겠어요
25,kb,52RENT,28,9319,2016. 04. 13.,3.25,3,4,3,3,딱히 장점은 없으나 상품 설명은 구체적이었고 상품을 판매하는 뉘앙스가 아니라 중립적인 위치에서 잘해주었다 그런데 타 은행에 비해 금리나 장점은 없었다 주거래은행이라서 대출 가입했을뿐
26,kb,52RENT,28,9320,2016. 04. 13.,4.0,4,4,4,4,대출 금리가 낮아서 좋음. 3%대로 받았음 그런데 준비 서류가 많이 필요함
27,kb,52RENT,28,9321,2016. 04. 13.,3.75,5,3,3,4,대출 상품이 다양하고 금리가 타 은행에 비해 저렴한 편이라 전세대출을 나름 좋은 조건에 받을 수 있었다. 그런데 타은행에 비해 온라인 상품이나 모바일 서비스가 부족해서 신청이나 가입을 할 수 없어 불편했다.
28,kb,52RENT,28,9322,2016. 04. 13.,3.25,2,3,4,4,주거래 은행이라 다른곳보다 이자율이 낮을것같아서 거래중 그런데 거래를 오래했음에도 우대를 별로 안해줌
29,kb,52RENT,28,9323,2016. 04. 13.,2.5,3,3,2,2,대구에 타 은행에 비해서 이자율이 싼 편이라 전세대출 받았다 그런데 대출상담하신분들이 대부분 너무 불친절하여 불쾌하다 상담 진행이 전혀 되지 않는다
30,kb,52RENT,28,9324,2016. 04. 13.,3.25,3,4,3,3,전세 자금 받을 때 나름 상품 구성이 다양해서 나한테 가장 잘 맞는 구성을 고를 수 있었음 그런데 심사가 너무 까다롭고 진행 과정이 심리적으로 힘들었음
31,kb,52RENT,28,9325,2016. 04. 13.,4.0,4,4,4,4,"전세금2000만원을올려야해서여러은행에문의해본결과주거래은행이제일낮어신청했다.

은행은 한곳만써야되는걸알았다"
32,kb,52RENT,28,9326,2016. 04. 13.,3.25,3,2,4,4,"전세계약 갱신을 위해 3000만원을 대출받으려고 창구를 방문하였다.  창구 방문 직원이 타 대출과 금리를 상세하게 비교해주었으며 친절하 설면해주어서 인상이 좋았다. 

 그러나 생각보다 금리가 높은 편이고 우대 혜택이 많지 않아서 조금 실망이었고 또한 창구 대기시간이 너무 길어서 불편하였다. 

 그리고 제출 서류가 너무 많았으며 처리 기간이 다소 오래 걸린 것 같아 불편하였다. "
33,kb,52RENT,28,9327,2016. 04. 13.,2.75,3,2,3,3,"결혼하면서 전세 집을 얻는데

대출이 필요해서 8000만원을 받았어요.

남편회사와 연계되었기도하고, 주거래은행이어서 다른곳 비교하지않고 바로 방문후에 대출을 했는데요, 3.2%가 그렇게 많이 저렴한 것은 아니었던것같아요. 좀더 알아보고 가는건데... 생각보다 제출서류도 많고, 상품가입권유도 많고... 저는 좀 그랬네요. 올해 6월이면 또 재계약 시기가 오는데 얼마나 올려달라고 할지... 또 전세금 올려줘야해서 추가대출 받아야한다면 좀더 꼼꼼히 알아보겠어요"
34,kb,52RENT,28,9328,2016. 04. 13.,4.0,4,4,4,4,"1월에 이사하면서 전세자금이조금 부족하여 여러 은행을알아보다 중도 상환수수료가 없다는 점이 마음에들어 국민은행을 션택하게되었다

도중에 돈이생기면 바로수수료없이 갚을수있어 좋은것같다"
35,kb,52RENT,28,9329,2016. 04. 13.,3.0,4,2,3,3,전세금액을 8천만원 정도 올려줘야 하는데 가진 금액이 3천만원 정도 부족해서 대출을 알아보던 중에 들어가는 집의 평수가 국가 정책에서 시행중인 전세자금 대출 상품을 받을 수가 없어서 주거래 은행인 국민은행을 방문하여 대출 상품에 대한 안내를 받았는데 다행히 가능한 대출 상품이 저렴한게 있어서 대출을 잘 받게 되었습니다. 6개월 단위 변동금리라 금리 걱정이 되긴했으나 워낙 우대금리 혜택이 많아서 잘 사용하고 있습니다.
36,kb,52RENT,28,9330,2016. 04. 13.,2.75,3,2,3,3,정부에서 시행하는 대출이라 딱히 은행과 관련이 없습니다.
37,kb,52RENT,28,9331,2016. 04. 13.,4.25,3,4,5,5,"정부와 은행에서 하는 전세자금대출에 대해서 자세한 설명을 받고, 필요한 서류들을 사전에 통보받아 대출을 받는날 번거러움 없이 대출을 받아 좋았고, 급여이체/거래내역/신용카드/주택청약 등의 상품설명으로 이자율을 낮추는 등 은행원의 자세힌 설명과 전문성이 매우마음에 들었다"
38,kb,52RENT,28,9332,2016. 04. 13.,5.0,5,5,5,5,전세자금이 필요할 경우에는 국민주택기금을 활용한 대출이 매우 효율적인 것 같다.
39,kb,52RENT,28,9333,2016. 04. 13.,3.0,2,2,4,4,"결혼전 전세집을구하기위해 대출을 처음하였는데 절차가 까다롭고 제출서류가 많아서 생각보다 오래기간이걸려서 대출을하게되었습니다
처음대출하는분들은 은행방문을하여 충분한 상담과 필요한것들을 알고난뒤에 대출하는게 시간절약이될것입니다"
40,kb,52RENT,28,9334,2016. 04. 13.,2.75,4,2,2,3,"독립을 위해서 원룸을 알아보던중 괜찮은 곳을 찾았는데 보유현금보다 부족한 부분이 있어서 주거래은행인 국민은행에 전세자금대출을 알아봤고, 상담시 대출가능하다는것과 이자가 높지 않아 2년이면 상환이 가능할것으로 계산되 결정하게 되었다. 다른 은행에서 알아볼 수 도 있었겠지만 0.x% 내의 이율변화는 내 연봉을 기준해 환산한 시간급여로 볼때 투입대비효율이 낮은 것으로 생각되 큰 고민없이 진행했다"
41,kb,52RENT,28,9335,2016. 04. 13.,4.0,4,4,4,4,"직장 때문에 새로운 곳으로 이동하여 전세금이 여유자금보다 부족하여, 주거래은행에 가서 전세자금 대출을 신청하여 3천만원을 받았습니다.
계약서만으로... 집주인에게 바로  ...입금되니...편리한...것 같습니다"
42,kebhana,222RENT,13,19909,2016. 04. 27.,4.25,3,5,5,4,아무리 금리가 싸다 하지만 3%가 되지 않는 이율이라도 몇 천을 빌리니 매달 내는 이자가 부담스럽네요. 빨리 갚고 싶지만 3개월 전에 상환이 될뿐 만 아니라 현재 목돈 자금도 없어 원금상환이 달마다 가능할지라도 할수가 없어요.
43,kebhana,222RENT,13,19910,2016. 04. 13.,3.0,3,3,3,3,"전세대출을 받았는데 응대서비스는 좋다, 단점은 금리가 더 낮았으면 좋겠다"
44,kebhana,222RENT,13,19911,2016. 04. 13.,4.0,4,4,4,4,"대출자의 상황에 대해 자세히 파악해서 거기에 맞게 가장 유리한 금리로 응대해줌, 단점은 은행창구직원과 콜센터직원의 응대서비스 레벨의 차이가 큼"
45,kebhana,222RENT,13,19912,2016. 04. 13.,3.5,4,3,3,4,"저금리, 단점은 대출 연장시에는 고정금리 불가. 어느 은행이랑 다 같은 사항으로 알고있지만..."
46,kebhana,222RENT,13,19913,2016. 04. 13.,3.0,3,3,3,3,"잘 모르겠고 거래은행이라 선택했다, 단점은 단점을 모르겠다"
47,kebhana,222RENT,13,19914,2016. 04. 13.,2.0,3,1,2,2,금리도 나쁘지않았지만 담당자가 신입이라 질문에대한 답변을 듣기가 오래걸려 짜증났음
48,kebhana,222RENT,13,19915,2016. 04. 13.,3.25,3,3,4,3,"신혼집 장만에 전세 대출이 필요했고 절차에 따라 진행했으나 집주인의 협조 거절로 급히 다른집을 알아봐야 했고, 부동산을 통해 좋은 집을 찾아 대출이 촉박하던 시기에 절차 설명과 신용조건을 자세히 설명해주고 진행해주어서 감사하게 생각합니다. 차후에도 주택관련 대출이 필요하게 되면 당시 하나은행 대출 상담 직원을 찾게 될거 같습니다 대출 조건이 까다롭다지만 쉬운 2,3 금융권보다 1금융권을 먼저 찾는 것이 도움이 될거 같습니다"
49,kebhana,222RENT,13,19916,2016. 04. 13.,3.25,3,3,3,4,"결혼하면서 전세집을 구하던중 돈이 모자르기에 전세자금대출을 하나은행에서 받게되었습니다 그렇게많은서류가 필요하지않아서 편했고, 생각보다  금리가낮아서 좋았습니다. 대출도금방 받았고 직원도 친절했습니다."
50,kebhana,222RENT,13,19917,2016. 04. 13.,3.25,4,2,3,4,"전세 재계약 시점에 기존에 받았던 타 은행 대출이자가 부담이 되어서 인터넷을 통해 전세대출 이자를 비교해보았습니다.

제 여건에는 주거래 은행보다 하나은행에서 금리우대조건을 받는 것이 유리한 것 같아서 약속을 잡고 하나은행에 방문하였습니다. 하나은행은 처음 거래였는데 담당 직원이 두가지 상품에 대해 소개를 해주었고 그 중 저에게 알맞는 상품을 추천해주었습니다. 저 역시도 마음에 들어 해당 전세대출 상품으로 대출을 진행하였고 다행이 원하는 금리보다 낮게, 또 필요한 만큼의 대출을 받을 수가 있었습니다.

담당 직원이 보증료 및 금리 우대에 필요한 부분과 중도상환에 대해 친절히 설명을 해줘서 꽤 만족하였고 주변에도 추천을 해주었습니다. 다만 불필요한 상품 가입을 많이 권하시는 점은 약간 부담스럽고 불편하였습니다^^;;"
51,kebhana,222RENT,13,19918,2016. 04. 13.,1.0,1,1,1,1,서울로 이사오면서 급하게 대출받게 되었는데 너무 불친절했습니다. 금액이 너무 적어서 그런가요... 불친절하고 대출금액나오는날 갑자기 안된다고 해서 저희 정말 집없이 밖에 버려질 뻔 했습니다... 국가 sh 관련 상품이었지만 금리 낮은 것 빼고는 너무 마음을 졸여서 힘들었습니다. 다신 하나은행 사용하고 싶지 않아요
52,kebhana,222RENT,13,19919,2016. 04. 13.,2.5,2,2,3,3,지난 달 하나은행을 통해서 전세자금 대출을 받았습니다. 물론 주거래 은행이기 때문에 이용했구요. 계약일이 다가와서 타 금융기관과 비교를 못했던 점이 아쉬웠습니다. 해당은행에서는 금리가 가장 낮은 상품이라고 하였습니다. 하지만 직장동료를 통해서 비슷한 조건인데도 불구하고 제가 받은 금리보다 낮은 대출상품에 조금 허망한 기분이 들었네요. 다음 대출시에는 꼭 금융상품을 비교해봐야겠다는 생각이 들었습니다.
53,kebhana,222RENT,13,19920,2016. 04. 13.,5.0,5,5,5,5,반전세 사용중인데 월세가 많이올라 전세대출을 받아 전세로 이사를 갑니다
54,kebhana,222RENT,13,19921,2016. 04. 13.,3.5,3,4,3,4,"아파트를 갑자기 분양받으면서 모자란 금액을 하나은행에서 대출을 받기로했었습니다.

주거래 은행이기도 하고 가까워서 상담을 받으러갔는데 다른데보다 금리도 낮고해서 간김에 바로 대출을 받고왔습니다."
55,nh,218RENT,14,19856,2016. 05. 08.,3.5,3,3,4,4,아파트와 빌라 중 고민하다 아파트로 선택하게 되고 조금 급박하게 전세대출을 알아보게 됐습니다. 신혼부부전세자금대출로 보증금대비 70프로 한도 금리 2.6프로로 대출받게 됐습니다. 일반 상품 중에 조건 좋은 상품으로 대출 받게 된 것 같아 좋은 것 같습니다. 하지만 전세자금대출을 신청하면서 필요한 한도가 안나올까 조마조마한 부분이 있었습니다. 그래도 다행히 나와서 지금 열심히 상환중입니다... 
56,nh,218RENT,14,19857,2016. 04. 13.,4.25,4,4,4,5,"친절하게 자세하게 안내해주신 점이 좋았습니다. 하지만, 추가로 다른상품을 가입하게 하는 점이 아쉬웠습니다."
57,nh,218RENT,14,19858,2016. 04. 13.,4.0,4,4,4,4,"대출상담이 친절하고 편의도 봐줘서 좋다 하지만, 지점이 멀다 "
58,nh,218RENT,14,19859,2016. 04. 13.,4.0,4,4,4,4,"전세대출을 받았는데 친절했다, 단점은 전문성이 결여되어 있다"
59,nh,218RENT,14,19860,2016. 04. 13.,3.0,4,4,2,2,"지점에서 상담시 은행 직원이 굉장히 친절하게 알려줘서 기분이 좋았음, 단점은 대출 관련해서 너무 많은 자료를 제공해줘서 번거롭고 받아도 무슨 내용인지 잘 모르겠음"
60,nh,218RENT,14,19861,2016. 04. 13.,2.25,2,2,2,3,지점이 가깝고 혜택이 많음 그런데 상품이 다양하지 않음
61,nh,218RENT,14,19862,2016. 04. 13.,3.25,3,1,4,5,전세자금 대출을 하기 위해 대출이 되는 집을 찾았아고 대출받을 수있는 집은 구하기가 많이 힘든거 같더라고요 겨우겨우 찾아서 5000만원짜리 방을 구해 3500만원을 받아서 금리 2.7 변동금리고 대출을 받아서 사용중입니다. 원룸 전세는 있느나 자격 조건이 안되는 곳이 많이 있다라고요 가령 근린으로 만들었으나 원룸으로 사용하는 곳은 안되는 곳이 많아 대출이 힘든것같습니다. 선택에 폭을 넓여주었으면 좋겠습니다 
62,nh,218RENT,14,19863,2016. 04. 13.,1.75,1,1,3,2,돈이 필요해서 대출을 받았는데 처음에는 문제 없을 것 같이 잘 해줄 것 같아서 서류를 준비해서 갔다 약간의 서류상의 문제가 있자 상담직원의 태도가 변했다 받고 안받고의 문제가 아닌 태도가 신경쓰였다
63,nh,218RENT,14,19864,2016. 04. 13.,4.0,4,2,5,5,"직장과 대출을 받기위한 직장이 다소 멀었으나, 은행직원에 배려로 마감시간이후에도 방문이 가능하였습니다. 그러나 처음 대출을 위하여 은행에 갔을때는 일반 업무 창구와 분리되어 있어서 대기시간이 너무 길었었습니다. 만약에 내앞에 사람이 2명 이상일 경우에는 몇시간씩 기다려야 했으며, 이러한 문제점을 해결하기위해서는 대출상담을 예약제도 함께 운영해나가야 좋을 것 같습니다. 그리고 회사원이다보니 월급통장을 사용하는 은행에서 대출을 진행하는게 금리적인 부분에서좋다고 하였으나, 이러한 부분은 주거래은행을 바꿔야 하는 불편함을 야기합니다."
64,nh,218RENT,14,19865,2016. 04. 13.,4.25,4,4,5,4,주거래 은행이라 대출받기 한결 괜찮은듯 해요
65,nh,218RENT,14,19866,2016. 04. 13.,3.25,3,3,3,4,주거래은행이라 우대금리 받았구요 2년만기라 부담스럽지않고 설명도친절히해주시고 서류가 좀있긴해도 한번에 다되었어요
66,nh,218RENT,14,19867,2016. 04. 13.,3.0,3,2,3,4,전세구하기 힘들어 알아보던중 맘에 드는 집을 찾았으나 금액이 오바되어 대출을 받게되었습니다 주거래은행인 농협중앙회로 의례찾아갔고 오랜시간 기다려 겨우 상담받아 전세자금대출로 신청했고 직원분이 친절하고 추후 서류까지  확인해주니 안심이되었습니다 고정금리로 3.3프로 우대금리적용받아 3.1프로에 이율을 낸지 1년이 지났네요 다른곳은 알아보지않아 잘모르겠지만 주거래은행에서 대출받는건 좋은것같아요
67,nh,218RENT,14,19868,2016. 04. 13.,4.0,2,4,5,5,"처음 대출을 받아 모르는 부분이 많았으나 직원이 친절하고 자세하게 설명을 해주어 만족스러웠다. 

다만 농협을 15년동안 이용해왔지만 금리 우대나 별 다른 혜택이 크게 없어 아쉬웠음"
68,nh,218RENT,14,19869,2016. 04. 13.,5.0,5,5,5,5,전세집에 들어가야하는데 6000만원정도가 부족해서 전세자금대출을 신청하러 농협에 방문했습니다. 주거래은행이라 혜택이 있을줄알았지만 제가 신청한 대출은 나라에서 하는거라 전 은행이 같은금리고 2.9프로 저리라서 그냥 편의상 주거래은행으로 가입했구요. 평소에 신용등급관리를 잘 해서 가입하는데 큰어려움은 없었습니다. 매월 일부상환해도 되고 2년간은 이자만 내도 된다고 하네요.. 무리없이 부지런히 원금 상환하려합니다. 상환하면 이자도 같이내려간다고 합니다. 상품명은 버팀목전세자금대출입니다.
69,sc,162RENT,1,11041,2016. 04. 13.,3.0,3,3,2,4,"대출 상담의 전문성, 단점은 금리 불만족"
70,shinhan,20RENT,38,8993,2016. 04. 30.,5.0,5,5,5,5," 안녕하세요. 전세를 알아보는중에 마음에드는집을 발견하였지만 자금부족으로 1억2천만원 대출이 필요하였습니다. 주거래은행인 우리은행을 비롯하여 신한/국민/농협에서 대출상담을 하였습니다. 

 처음에는 주거래인 우리에서 진행하고자 했으나 매우 복잡한 절차와 고압적인 태도로 일관되었습니다. 또한 한도를 다 못받을 수 있다며 비아냥을 듣고서 타은행을 알아보게 되었습니다.

 결론부터 말씀드리면 저는 신한은행을 선택하였습니다. 제가 알아본 최저금리는 주거래우대 변경조건으로 신한2.55/우리2.82/농협2.65/국민2.9였습니다. 신한에서만 유일하게 원금동시상환상품을 소개받았으며 0.2프로 우대금리를 받아 가장저렴하였습니다. 필요서류또한 재직증명/원천소득증명/주민등초본/부동산계약서로 우리은행대비 간소하였습니다.

 원금분할상환 금액은 자유롭게 정할 수 있기에 조금 여유가 있으시다면 수십만원씩 원금도 동시상환하시면서 대출이자도 줄여나갈 수 있습니다. 또한 원리금 상환액이 750까지 그 40%인 최대 300만원 소득공제 해택이 있기에 어떤 절세 방법보다 유리합니다.

 제 경험이 전세를 알아보는 분에게 도움이 되셨으면 좋겠습니다. 긴글 읽어 주셔서 감사합니다."
71,shinhan,20RENT,38,8994,2016. 04. 13.,3.75,4,4,4,3,"타은행보다 이율이 조금 낮은 편이다. 국민은행 아니면 신한은행이 고려된다. 하지만, 온라인상 상세한 설명이 부족하다. 은행 창구에 가야만 상담이 가능하다."
72,shinhan,20RENT,38,8995,2016. 04. 13.,3.25,3,3,3,4,"전세대출을 받았는데 큰 은행이라 신뢰가 높아서 좋아여 하지만, 단점은... 딱히 모르겠네요. 아 상품설명(중도반환 가능여부)잘못 알려주셨네요"
73,shinhan,20RENT,38,8996,2016. 04. 13.,3.5,3,3,4,4,"전세자금 대출을 받는데 대출상담해주셨던 분이 친절해서 너무 좋았다 하지만, 좀더 많은 대출에 관련된 부분을 쉽게 알려주셨으면 좋겠다"
74,shinhan,20RENT,38,8997,2016. 04. 13.,3.25,4,3,3,3,"전세대출을 받았는데 한도를 최고로 해줘서 부담이 적었다 하지만, 이율이 생각보다 높다"
75,shinhan,20RENT,38,8998,2016. 04. 13.,4.5,4,5,4,5,"궁금증을 해소해 줘서 좋음. 다른 상품과의 비교가 좋음 하지만, 창구에 가야지 만족할만한 답변을 들을 수 있다는 번거로움"
76,shinhan,20RENT,38,8999,2016. 04. 13.,3.0,3,3,3,3,"전세대출을 받았는데 다른 은행보다 낮은 이자율 하지만, 별로없음"
77,shinhan,20RENT,38,9000,2016. 04. 13.,4.25,4,4,4,5,"2년마다 전화로 갱신 해줘서 편하다 , 단점은 대출 갱신할때마다 수수료를 내야 한다"
78,shinhan,20RENT,38,9001,2016. 04. 13.,4.25,4,4,5,4,"대출 상담받으러 갔을 때 친절하게 대해줘서 편했다, 단점은 서비스는 좋으나, 금리가 높아서 상품에 대해서는 불만이 있다"
79,shinhan,20RENT,38,9002,2016. 04. 13.,2.75,3,2,3,3,"대출 상담을 최대한 간략하게 쉽게 진행해줘서 상담이 오래걸리지 않음, 단점은 중도상환에 따른 최적화된 금리 및 이자의 안내가 없어, 소비자가 알아서 계산해야 함"
80,shinhan,20RENT,38,9003,2016. 04. 13.,2.5,3,1,3,3,"어플리케이션으로 대출금을 납부하기 편리하다., 단점은 이자가 타은행보다 높게 책정되어 있고 대출심사가 까다롭다."
81,shinhan,20RENT,38,9004,2016. 04. 13.,3.25,3,2,4,4,"대출상담을 친절하게 해주시고 미리 전화도 주셔서 좋앗음, 단점은 상품이 좀 다양했으면 좋겟음"
82,shinhan,20RENT,38,9005,2016. 04. 13.,5.0,5,5,5,5,"추가 금리할인 장애인 할인등 꼼꼼히 안내해 주셨음 직원분 응대가 너무 마음에 듬, 단점은 단점은 대출을 따로 많이 이용해보지 않아 나뿐점인 잘 모르겠음 "
83,shinhan,20RENT,38,9006,2016. 04. 13.,3.5,4,3,3,4,"이자가 낮고 기존 고객이라 이것저것 금리우대를 많이 받을 수 있었음, 단점은 대출에 가입하기 위해 작성해야 하는 서류가 너무 많고 절차가 복잡함"
84,shinhan,20RENT,38,9007,2016. 04. 13.,3.75,4,4,4,3,"신한은행이 그래도 타은행보다 대출 금리가 조금 낮은 편이다, 단점은 온라인상 상세한 설명이 부족하다. 은행 창구에 가야만 상담이 가능하다"
85,shinhan,20RENT,38,9008,2016. 04. 13.,4.0,4,4,4,4,"친절한 상담과 대응이 마음에 들었다, 단점은 큰 단점이 없다"
86,shinhan,20RENT,38,9009,2016. 04. 13.,2.75,2,3,3,3,"없다.신혼부부전세자금 대출이용중인데 추가대출당시 타은행보다 이자이율이 높았던걸로안다, 단점은 전화상담 한번받으려면 하루종일 전화붙들고있거나 상담받는 상담원마다 대답이 다 틀리다"
87,shinhan,20RENT,38,9010,2016. 04. 13.,3.25,3,4,3,3,"우대금리가 많다., 단점은 타은행에 비해 금리가 높다."
88,shinhan,20RENT,38,9011,2016. 04. 13.,4.0,4,4,4,4,"전세대출 중에 금리가 낮고 담당 직원이 일처리가 정확하고 빨라서 만족했다, 단점은 전세대출 서류 중에 일부 반환 처리가 안되어, 까먹고 있다가 따로 연락해서 받았던 약간의 실수가 있었다"
89,shinhan,20RENT,38,9012,2016. 04. 13.,3.25,2,3,4,4,"전세대출 상품이 잘 되어있다, 단점은 금리가 높다"
90,shinhan,20RENT,38,9013,2016. 04. 13.,3.75,4,4,3,4,"대출할때 상담도 친절하고 주거래 은행이라 전세 대출 가입이 용이한 편이었다., 단점은 잘 모르겠음.. 불편한점이 별로없다"
91,shinhan,20RENT,38,9014,2016. 04. 13.,4.5,4,4,5,5,결혼에 맞춰 신혼집을 구하던중 전세가 있어 신한은행에서 대출을 알아봄 담당자의상세하고 친절한 설명으로 은행 대출이 전세금의 80프로 까지 된다는 사실을 알게 됨 물론 주인의 동의하에 가능 그렇게 하여 대출을 하는 과정에서 서류가 은근히 많다는 느낌이 많이듬 사인해야할 것두 많음 어쨌든 편리하고 무사히 대출 완료
92,shinhan,20RENT,38,9015,2016. 04. 13.,3.25,4,3,3,3,"갑자기 이사를 가야해서 집을 알이보던중 부동산에서 이사갈 집을 정하고 바로 부동산 사무실로 은행직원이 와서 전세대출을 해줬다.

은행은 우리가 선택했지만 대출상품은 추천해주는걸로 했음.

하지만 우대금리를 받으려면 월급통장을 바꿔야하는 조건이있었음"
93,shinhan,20RENT,38,9016,2016. 04. 13.,4.0,4,4,4,4,"전세금이 올라 신한은행에서 전세대출을 받게 됐습니다. 대출진행과정은 편했습니다. 금리는 예상보다 다소 높았네요. 우대금리를 받기 위해 펀드 2개, 예금 1개를 가입해야 하는게 아쉬웠습니다."
94,shinhan,20RENT,38,9017,2016. 04. 13.,3.5,3,1,5,5,"증빙서류가 많고 담당하는 부서가 다 달라서

서류제출을 위한 이동이 잦았음"
95,shinhan,20RENT,38,9018,2016. 04. 13.,3.5,3,2,4,5,결혼을하면서 신혼집을 얻기위해 신혼전제대출을 7천8백만원받았습니다. 결혼5년차가되면서 살림도많아지고 모아둔 돈은없고해서 이사를 해야하는데 전세금이 부족하던차에 공인중개사 소개로 영업점 상담사를 소개받고 멀리 방문하지 않고 공인중개사무실로 서류를 가지고와서 편하게 대출절차를 밟았습니다. 또한 기존대출금리보다 할인을해서 좋았습니다.
96,shinhan,20RENT,38,9019,2016. 04. 13.,5.0,5,5,5,5,집주인이 전세금을 갑자기올리는바람에 회사주거래은행에가서 대출을받음
97,shinhan,20RENT,38,9020,2016. 04. 13.,2.75,2,3,3,3,전세대출이 필요해서 신한은행에 갔는데 이율이 5%가 넘어가서 너무 비싸다는 느낌이 들었다. 딱히 선택권이 없어서 어쩔수없이 하긴 했는데 좀 다양한 상품이 있었으면 좋겠다
98,shinhan,20RENT,38,9021,2016. 04. 13.,4.75,5,5,4,5,"주택전세자금 대출을 받아야해서 주거래은행인 신한은행을 찾았다. 대출의 경험이 없기에 여러가지 의문도 많고 알아야하는 것들이 많이 있었다. 직원의 설명이 어렵지않게 이해되었다. 금리도 3%대의 낮은 금리였고, 내 상황에 적절한 상품을 소개해주어서 다른 은행을 찾아볼 필요없이 대출할수 있었다. 상황적 어려움으로 대충받기가 까다로울수 있었으나 이런 상황에서 어떻게 대처해야하는지 친절한 상담을 해주었고 대출후에 해야하는 일들에 대한 설명도 좋았다. 어쩔수 없는 거긴하지만 상담하는 직원에 따라 전문성의 차이가 있었기에 그 부분은 조금 아쉬웠던 것 같다. 혹시 전세대출이 필요하다면 방문후 상담을 받아보는것도 좋을 듯 하다."
99,shinhan,20RENT,38,9022,2016. 04. 13.,3.75,4,3,4,4,전세금이부족하여 대출알아보던중 부동산소개로방문대출가능하다기에 상담받았다. 나의시간에 맞춰 가까운곳에서 상담받아서 편리했고 비교적 간단한 추가 상품 가입으로 우대금리를 적용받아서 좋았습니다
100,shinhan,20RENT,38,9023,2016. 04. 13.,3.25,4,2,3,4,"주거래은행아라서 신한은행을 택했고 4년전에 같은 신한은행 다른지점에서 전세대출을 했었는데 갑자기 하는거라 좀 힘든상황에서도 담당직원분이 매우 친정하고 자기일처럼 도와주셔서 참 좋았습니다

2년 후 다시 이사를 가서 같은 전세대출을 받았는데 전과 다른 지점에서 했는데 전처럼 친절하진 않았고 꼭 해줘야할말만 형식적으로 하는느낌.. 그래도 우대받기위해 할수있는부분 알려주셔서좋았는데 상품권유를 자꾸 해서 불편했습니다 "
101,shinhan,20RENT,38,9024,2016. 04. 13.,4.25,4,3,5,5,"서울 전세집값이 폭등을 하게 되어 결헌을 준비하면서 대출을 받게 되었습니다

우선 어떠한 대출을 받기전에

지인들의 추천은행이나 선호하는 은행등을 몇가지 선정해서 비교해보는게 좋을 것 같습니다

본인에게 맞는 상품을 전화문의나 검색을 하여 찾고 그상품에대한 대출준비서류와같은 필요서류를 사전에 준비하면 다시방문해야 하는 불편함을 줄일 수 있었습니다

이런 준비가 끝나셨다면

선정하신 몇개의 은행에 방문하여

동일한 조간으로 대출금리를 비교해 보신다면 자신한테 제일 유리한 금리를 찾으실 수 있습니다.

또 방문시 상담후에 필요서류 리스트를 문서로 작성해달라고 상담해주신 은행직원에게 요청을 하면 친절하게 본인에 맞는 상담내용을 작성하여 주시더라고요

참고하셨으면 좋겠습니다"
102,shinhan,20RENT,38,9025,2016. 04. 13.,4.25,5,2,5,5,"원래 전월세로 살다가 잘 알아보면 월세보다 대출 상환금이 더 작을 수도 있다고 하여 인터넷 검색을 하였고, 서민근로자전세자금대출이라는 것을 알게 되었습니다.

이 대출은 국민주택기금이 주관하여 수탁받은 은행에서만 가능한데, 그렇다보니 국민주택규모를 넘지 않는 선에서 대출한도는 전세금의 70%였고 금리도 비교적 낮았습니다. 물론 제시하는 요건에 부합해야 대출이 가능한데, 저의 경우는 처음 이 대출상담을 위해 모 은행을 방문하였고 그 곳에서는 안된다고 했었습니다. 안된다고 한 근거가 모호하여 주거래은행인 신한은행으로 가서 상담을 받았는데 안될 이유가 없다며 대출절차를 밟게 되었고 지금은 적은 대출금리로 이자상환중입니다. 변동금리라고 했으나 그 폭이 크지 않아서 지금까지는 체감을 못하고 있구요. 서류가 많아서 작성하는데 많은 시간이 걸린다는 단점이 있지만, 전세세입자로서 매우 만족하는 중입니다."
103,shinhan,20RENT,38,9026,2016. 04. 13.,2.75,3,2,3,3,주거래은행은 아니었지만 금리우대 혜택을 적용해주어서 이자부담이 조금 줄었어요 이자출금일자에 문자발송이되어서 이자가 연체되지않도록 관리하기 쉬워요
104,shinhan,20RENT,38,9027,2016. 04. 13.,4.0,4,4,4,4,"주택전세자금이 필요하던차에 부동산을

통해 대출상담사를 소개받고 대출을

의뢰하게 되었습니다. 금리가 낮고 친절한

설명으로 기분좋게 가입하게 되었습니다."
105,shinhan,20RENT,38,9028,2016. 04. 13.,1.75,1,1,2,3,"주거래 은행임에도 불구하고 특별한 메리트가 전혀 없었으며, 전세대출시 신한은행을 추천하지 않을 생각임"
106,shinhan,20RENT,38,9029,2016. 04. 13.,3.0,4,2,3,3,주거래 은행에서 거래 하며 이자 낮추기 위한 방법을 물어서 가능한 다 하면 좀 더 낮은 금리로 받을 수 있습니다
107,shinhan,20RENT,38,9030,2016. 04. 13.,2.75,3,2,3,3,갑작스럽게 이사를 가야 되는 상황이어서 급하게 집을 알아보던 중 괜찮은 전세를 알게 되었습니다. 그러나 이것에 들어가기 위해서는 추가적인 자금이 필요했습니다. 그래서 전세 자금을 주거래 은행인 신한은행에서 받기로 했고 비교적 빠른시일에 돈을 받을 수 있었습니다. 그러나 제출할 서류둘이 너무 많아 힘들었습니다. 또 제출한 서류들에 대한 심사도 까다로운 편이었습니다 직접 전세 받을 집에 가서 심사도하고 집주인과 통화도 하였습니다. 그래도 전세 대출을통해 거주하는 것이 월세보다 저렴하기 때문에 만족하고 있습니다
108,suhyup,193RENT,1,11133,2016. 04. 13.,3.25,4,3,3,3,"대출상담 받을 때 은행 직원이 친절하게 자세하게 해줘서 좋아요 , 단점은 지점 수가 많지 않아 방문하기가 쉽지 않다"
109,woori,98RENT,69,10944,2016. 07. 29.,4.0,4,4,4,4,대출에 대해서 많이는 모르지만 전문상담사와 1:1로 상담을해 본적이 없어 한번 상담과 함께 궁금증을 풀 수 있을 거 같아 좋네요^^ 
110,woori,98RENT,69,10945,2016. 07. 28.,3.5,3,4,3,4,"1억 이상의 대출이 있었는데 은행과 정부기관의 적절한 비율로 추천해주어 좋은 집으로 이사가게 되었습니다.
변동금리는 꾸준히 모니터링하여 고정금리도 변동금리로 갈아탈 예정입니다."
111,woori,98RENT,69,10946,2016. 04. 13.,3.0,3,3,3,3,"전세대출을 받았는데 대출상담을 친절히 해주어 고마웠음 하지만, 대출 금리가 높고 낮추기 위해 같은 은행에 여러 상품이용 권유를 받음"
112,woori,98RENT,69,10947,2016. 04. 13.,3.0,3,3,3,3,"전세자금대출을 받았는데 대출 상품이 여러개 있어서 좋다.  하지만, 여러가지를 물어보면 건성으로 빨리빨리 응대한다. "
113,woori,98RENT,69,10948,2016. 04. 13.,2.0,2,2,2,2,"전세자금대출을 받았는데 은행 창구가 많다 하지만, 서류가 여러장이 필요함"
114,woori,98RENT,69,10949,2016. 04. 13.,3.75,3,4,4,4,"대출상담을 친절히 잘 설명해 주었음 하지만, 설명의 전문성이 떨어진다"
115,woori,98RENT,69,10950,2016. 04. 13.,3.75,4,4,4,3,전세대출을 받았는데 고객의 입장에서 유리한 사항을 알려줌
116,woori,98RENT,69,10951,2016. 04. 13.,3.0,3,3,3,3,"전세대출을 받았는데 직원이 매우 친절했음, 단점은 고정금리라서 금리가 높은 편임"
117,woori,98RENT,69,10952,2016. 04. 13.,3.75,4,4,3,4,"대출에 대해 잘 몰랐으나 알기 쉽게 진행해줌, 단점은 예금등 가입할때는 본인 아니어도 가입해주고 해지하는건 꼭 본인이 해야된다함"
118,woori,98RENT,69,10953,2016. 04. 13.,4.25,3,5,4,5,"우리은행 전세대출은 타 은행 전세대출에 비해 더 우대해주려는 의도가 보였음, 단점은 장애인 이나 우대 조건에 대한 저세한 확인 필요"
119,woori,98RENT,69,10954,2016. 04. 13.,4.0,4,4,4,4,"대출 시 금리가 낮은 상품을 적극적으로 확인해주는 노력과 함께 다자녀 및 가구 구성원 (장애인)에대해 확인하고 이자 감면에 많은 도움을 주었어요, 단점은 홈페이지에서 할 수 있는 대출연장이 오류가 많고 내방해야 하는 경우가 많아 불편했어요"
120,woori,98RENT,69,10955,2016. 04. 13.,3.75,4,3,4,4,"대출 받으러 지점 방문시 비교적 친절하게 대해줬다, 단점은 여러가지 상품에 대해 설명해주지 않고 1-2개만 설명해줬다"
121,woori,98RENT,69,10956,2016. 04. 13.,3.75,2,3,5,5,"모르는 부분들을 친절하게 알려줘서 편리하고 이해하기 쉬웠음, 단점은 신혼부부 대상 저금리형 대출이라고 하는데 생각보다 금리가 높았음"
122,woori,98RENT,69,10957,2016. 04. 13.,4.0,4,4,4,4,"대출 상담이 친절해서 마음 편히 상담 받을 수 있었다, 단점은 금리우대를 해주긴 했으나 다른데와 다 비슷해서 크게 차별적인 메리트가 존재하지 않는다"
123,woori,98RENT,69,10958,2016. 04. 13.,3.0,3,3,3,3,"상담을 친절하게 잘 해주며 대출 금리를 유리하게 받을 수 있게 잘해줌, 단점은 여러가지 금리우대사항이 있어 대출금리를 더 낮출 수 있을 것 같이 보이지만, 실질적으로 우대를 받기가 어려움"
124,woori,98RENT,69,10959,2016. 04. 13.,3.5,2,4,4,4,"구비서류와 모든것을 친절하게 알려주심, 단점은 이미 승인된 대출임에도 불구하고 새로 연장할때마다 작성해야 하는 서류가 많음"
125,woori,98RENT,69,10960,2016. 04. 13.,4.25,4,4,5,4,"대출상담 쉽고 편의를 잘봐줌  서류같은게 조금 늦더라도 이래저래 방법 가르쳐주고 도와준다, 단점은 대출받으면서 은근슬쩍 카드가입도 시킨다  정신없어서 그냥 카드만들었지만  쓰지도 않고 수수료만 낸격"
126,woori,98RENT,69,10961,2016. 04. 13.,3.5,3,3,4,4,"지점 방문시 대출 상담을 자세하고 친절하게 잘 해주었다, 단점은 전화응대가 불만족스러웠다 (대출관련해서 필요한 서류를 물어보았는데 말도 번복하고 친절하지도 않음)"
127,woori,98RENT,69,10962,2016. 04. 13.,4.5,5,5,3,5,"전세자금대출은 우리은행이 가장 이율이 낮아서 좋다, 단점은 대출금리는 낮으나 늘 고객이많아서 오래기다려야하고 상담이어렵다"
128,woori,98RENT,69,10963,2016. 04. 13.,3.5,2,4,4,4,"직원들이 설명해줄 때 전문적이라는 느낌을 받았고 친절하게 대해줌, 단점은 나의 상황에 맞게 대출 받는 것이 불가능하다는 느낌 받음"
129,woori,98RENT,69,10964,2016. 04. 13.,3.25,4,3,3,3,"친절한 응대와 상세설명이 좋았음, 단점은 대출받은지점에서만 구체적 상담이 가능하여 불편함 전지점 상세설명이 있었으면 좋겠음"
130,woori,98RENT,69,10965,2016. 04. 13.,3.0,3,3,3,3,"대출상담을 친절히 해주어 고마웠음, 단점은 대출 금리가 높고,낮추기 위해 같은 은행에 여러 상품이용 권유를 받음"
131,woori,98RENT,69,10966,2016. 04. 13.,4.0,4,4,4,4,"당시 최고로 낮은 금리로 대출을 받을 수 있도록 잘 가이드 해주었다., 단점은 상환기간 선택의 폭이 좀 더 다양했으면 좋겠다."
132,woori,98RENT,69,10967,2016. 04. 13.,3.25,3,3,3,4,"친절한 응대가 좋음, 단점은 애용자가 많아 대기시간이 길다"
133,woori,98RENT,69,10968,2016. 04. 13.,4.0,4,4,4,4,"상품도 다양하고 친절하다, 단점은 특별히 없다"
134,woori,98RENT,69,10969,2016. 04. 13.,4.0,4,4,4,4,"친절히 응대해줘서 불편함이 없었다, 단점은 새로운 상품이 많지 않은것 같다"
135,woori,98RENT,69,10970,2016. 04. 13.,3.75,4,3,4,4,"저금리로 대출 받을 수 있도록 도와줌, 단점은 직원에따른 설명 및 응대 편차가 심함"
136,woori,98RENT,69,10971,2016. 04. 13.,3.25,4,2,3,4,"대출시 설명이 이해하기 편했다, 단점은 단점은 잘모르겠음"
137,woori,98RENT,69,10972,2016. 04. 13.,3.5,4,3,3,4,"직원은 아닌 것 같고, 부동산에서 소개해준 중개인이 친절하게 안내해 주었다., 단점은 전세대출을 부동산 연계로 중개인에게 진행되어, 나에게 은행이나 상품을 선택할 권한이 없었다."
138,woori,98RENT,69,10973,2016. 04. 13.,3.25,3,3,3,4,"친절해서 좋음. 다만 아파트 가격이 비싸 원하는만큼 못받았음, 단점은 타은행대비 뛰어난 단점은 딱히 없음"
139,woori,98RENT,69,10974,2016. 04. 13.,2.0,3,2,1,2,전세와 월세를 고민하다가 전세 대출을 받기로 마음먹고 이것저것 인터넷을 찾고 직접 방문한 후에 결정하게 되었습니다 하지만 전제적으로 불친절하고 원하는 자료가 너무 많고 힘들었습니다. 그나마 집에서 가장 가까워 선택했습니다. 왔다갔다 하기 편한 쪽을 택했지만 결국 불만족입니다. 제가 원하는 대로 이뤄지지 않았기 때문입니다. 
140,woori,98RENT,69,10975,2016. 04. 13.,2.25,3,1,1,4,"이사를 고민하던 중에 금리도 낮아지고 해서 분당에 아파트를 구입하기로 하고 대출을 받았습니다. 받은 시점은 2015년 월이고요. 국민, 시티, 우리 세 군데를 갔었는데 시티가 주거래 은행은 아니지만 우대금리 요건도 다자녀가구 같이 단순해서 선택했어요. 직원도 친절하고 상품권유도 적은 편이었고요. 근데 최저금리를 받느라 변동금리로 받았는데 만기가 30년이라 지금은 좀 걱정이 되기도 합니다. 그런 부분에 대한 설명을 미리 안 해준 것은 좀 아쉬운데... 어떤 금리로 받을지, 중도상환 조건은 어떻게 되는지 이런 걸 미리 공부해두시면 좋을 것 같아요. 6개월 변동 금리라 6개월마다 금리가 어떻게 바뀐다고 알려주긴 하는데 더 좋은 대출상품이 나왔다던가 우대금리를 유지하려면 이런 거 신경써라 이런 걸 알려주면 좋을 것 같"
141,woori,98RENT,69,10976,2016. 04. 13.,4.75,4,5,5,5,아는 직원을 통해 가입해서 많이 생각해보지 않고 가입했다
142,woori,98RENT,69,10977,2016. 04. 13.,4.5,4,4,5,5,주거래은행이라 이용했다 그닥좋은점도 나쁜점도 없었다 직원들이 친절해서 좋았을뿐
143,woori,98RENT,69,10978,2016. 04. 13.,4.0,4,2,5,5,작년 12월 이사로 인해 비용부족으로 전세대출을 받았습니다. 우리은행이 주거래은행이었고 다른 서민대출은 자격이 안돼 결국 은행 상품을 이용하게 되었습니다. 직원분은 친절했고 응대도 잘 해주셨습니다. 부족한 서류들로 몇번 왔다갔다했고 사인해야하는 문서가 많은게 불편했지만 대출절차는 어딜가나 똑같다고 봅니다. 카드와 계좌등 상품이용으로 우대금리 잘 받아서 다행이라고 생각됩니다. 전체적으로 서비스나 절차는 만족스러운 편이고 대출에 필요한 서류나 자격요건등 정보가 좀 다 자세히 정리되어 대출이 필요한 사람들에게 잘 전달되었으면 합니다
144,woori,98RENT,69,10979,2016. 04. 13.,4.25,4,4,4,5,"지난해 결혼을 하면서 전새자금이 팔요해 대출을 알아보게 되었습니다. 

여러은행들에서 상담을 받았으나 주거래은행에서도 큰 혜택을 받을수는 없던중 상담직원이 인터넷상품을 추천해주었습니다. 

확실히 금리적인 측면에서 장점이 있었습니다. 서류 준비중 궁금점도 ARS를 통해 해결할 수 있어 만독스러웠습니다. "
145,woori,98RENT,69,10980,2016. 04. 13.,3.5,2,2,5,5,"전세대출을 위해 주거래은행에 문의 자세한설명과 우대금리 적용 등 안내를 잘 받았습니다 신혼부부 대출 등 좀더 이율이 싼 정부지원 대출 자격요건등도 꼼꼼히 체크해주셔서 다른 은행 대출조건등은 비교하지 않았습니다 

다만 대출을위한 서류 등 절차 및 프로세스가 너무 복잡해 몇차례방문 및 문의 그리고 서류 발급을 위한 시간낭비가 많았습니다 "
146,woori,98RENT,69,10981,2016. 04. 13.,4.0,4,3,4,5,"투룸 전세로 들어가게되어, 회사내에 있는 새마을금고와 우리은행을 방문했고 우리은행의 금리 및 대출조건이 좋아서 선택했습니다. 요청하는 서류를 준비 후 대출진행하였고 한번에 절차를 밟을 수 있어서 편리했습니다. 걱정스러운 부분은 2년 계약완료 이후 다른 곳으로 이사할 시 다시 전세대출을 받아야하는 번거로움이 있을거란 것에 또 신경써야할 부분이 생길 것 같아 걱정입니다. 또한 원리금 상환이 안되고 이자만 나가는 방식이라 가계 계획에 신경이 많이 쓰이며, 원금상환 한도가 있고, 그 이상 갚을시 수수료가 발생한다는 점이 아쉽습니다"
147,woori,98RENT,69,10982,2016. 04. 13.,3.0,1,1,5,5,"전세자금대출을 위하여 우리은행을 찾았습니다. 2014년 12월당시 정부보증 전세자금대출은 ""근로자주택전세자금대출""뿐이었고 3.3%의 이율로 5천만원을 빌리게되었지요. 그런데 그후 전반적인 나라의 금리가 계속낮아지게되고 기준금리가 1.5%까지 낮아지게되자 기존 근로자전세자금대출은 사라지고 버팀목전세자금대출로 바뀌었더군요. 금리도 2.7%까지 낮아지고 한도도 높아지고.. 그런데 기존의대출은 3.3%에서 3.1%로 고작 0.2%만 낮아지더라구요. 버팀목으로 바꿀수있냐고 물으니 기존대출을 상환후밖에 안된다고 하더군요 그런게 많이 아쉽네요.

사실상 기존대출을 상환후 다시 버팀목 전세자금대출을 받기엔 사실상 불가능하고 다시대출을받는거기때문에 서류나 심사도 까다롭구요. 일정 수수료정도만 지불하면 바로 바뀌게 할수도 있을텐데요... 그런게 좀 아쉽습니다."
148,woori,98RENT,69,10983,2016. 04. 13.,3.0,3,3,3,3,"집주인이 파산하는 바람에 전세에서 손해를 덜보기위해 어쩔수없이 아파트를 구입하게 되었고, 급전이 필요한 상태에서 주거래은행인 우리은행에서 대출을 받게 되었습니다.

상담창구의 직원은 매우 친절하다는 인상은 못 받았습니다. 나의 월급통장이 우리은행으로 되어 있는지 여부부터 확인한 후 대출받을 금액, 금리와 기간, 제출서류 등을 안내하여 주고 개인명함도 하나 주며 궁금한 사항은 연락 달라고 하였습니다. 안내사항이나 직원의 친절도는 다른 은행도 비슷하지 않을까라는 생각이 듭니다. 워낙 급하게 대출을 받다보니 돈만 받으면 된다는 생각이 우선이었던 것 같습니다. 하지만 나중에 여유가 생긴 후 생각해보니 다른 기타 서비스등 더 천절하게 안내를 받을 수 있지 않았을까 라는 생각이 들어 굳이 다른사람들에게 추천하고 싶다는 생각은 들지 않습니다."
149,woori,98RENT,69,10984,2016. 04. 13.,2.5,3,1,3,3,"좀더빨라지고금리도좀낮아졌으면좋겠어요

요즘사이버시대인데종이서류가없어지고전자서류로바뀌었으면하네요"
150,woori,98RENT,69,10985,2016. 04. 13.,3.25,3,3,3,4,재개발로 이사를 가야되는데 대출을 잗아서 가야되서 주위의 권유로 했는데 친절히 잘해줘서 만족합니다.
151,woori,98RENT,69,10986,2016. 04. 13.,3.5,3,3,4,4,우대금리를 받을수 있는 은행을 선택하는 것이 좋음
152,woori,98RENT,69,10987,2016. 04. 13.,4.0,4,4,4,4,"신혼집을 구하는데 어려움이 있었으나

우리은행 전세대출로 감사하게 신혼집을 구할수 있었습니다."
153,woori,98RENT,69,10988,2016. 04. 13.,4.0,5,2,5,4,"전세방을 구하기 위해 전세자금대출을 신청하게되었습니다. 국가 지원이 되는 버팀목 전세자금 대출의 이자율(2.8%)이 작아서 선택하여 신청하게되었습니다. 은행은 큰 차이가 없어서 주거래로 사용하고 있는 우리은행에서 대출을 하였는데 담당직원이 친절하게 안내를 해줬으나 적어야되는 서류가 많아서 불편하긴 했습니다.

또한 은행 외적인 부분인데 대출 대상인 주택 조건과 집 주인의 동의가 필요한 항목 때문에 대출을 하지 못한 곳이 있어서 아쉬웠습니다.

하지만 정책 상 70%밖에 대출이 안되긴해도 덕분에 값싼 이율로 전세집을 구할 수 있어서 좋았습니다.

전세자금이 필요한 사람의 경우 이용하시는 것을 추천드립니다."
154,woori,98RENT,69,10989,2016. 04. 13.,3.75,4,3,4,4,천만원 추가대출을 받았으나 기존상품과 결합이 되지 않는 점은 안타깝습니다
155,woori,98RENT,69,10990,2016. 04. 13.,4.0,4,4,4,4,"상담직원이 매우친절하게 설명을 잘해줘서 넘 변하게 대출을 받을 수 있어서 넘 좋았음

"
156,woori,98RENT,69,10991,2016. 04. 13.,5.0,5,5,5,5,"신혼집을 구해야 해서 5000정도 전세자금 대출이 필요했는데, 직업이 프리랜서라 원래는 대출 받기 어려운 상황이었지만 그동안 주 거래 은행이기도 하고 실적도 좋도 연체도 없고 신용등급이 1등급으로 나와서 문제 없이 대출 받을 수 있었습니다. 수년전부터 나중에 대출 받을때 잘 받을 수 있게 직원분과도 안면을 터 놓고 우리은행 타 상품들도 많이 이용해서인지 잘 대해주셨습니다. 6개월 변동 금리라서 좀 아쉽긴 했지만 대출이 어려운 상황이지만 받을수 있어서 감사했습니다"
157,woori,98RENT,69,10992,2016. 04. 13.,3.0,3,3,3,3,"대출관련서류가 쫌 간소화됐음좋겠습니다

필요한것이 너무많아 서류준비하는것이 불편했습니다~~"
158,woori,98RENT,69,10993,2016. 04. 13.,3.75,4,3,4,4,작년 결혼을 하면서 8000만원이 부족해 대출을 받았어요.. 신랑 이름으로 받았는데 주거래 은행이라 기분 좋게 받았어요
159,woori,98RENT,69,10994,2016. 04. 13.,5.0,5,5,5,5,갑자기 이사하게되어 대출을 알아보던중 부동산에서 추천한 은행중에 우리은행이 주거래 은행이라서 대출을 받게되었습니다. 신랑 급여이체가 10년 넘게 된지라  우대이율도 적용이 됐고 생각보다 이율이 많이 낮아져서 부담도 덜고 따로 은행을 왔다갔다하지 않아서 큰 불편함 없이 대출을 받을수 있었습니다
160,woori,98RENT,69,10995,2016. 04. 13.,3.0,4,4,2,2,"이사 하면서 전세금 2000만원이 모자라서 주거래 은행인 우리은행에서 전세자금 대출을 받게됨

직업이 프리랜서라서 소득 증명의 어려움 때문에 서류 준비하는데 어려움 겪음

건강보험 납입 이력으로도 가능 할텐데 유사직업에 계속적으로 일을 하고 있는지 알아야 한다며 힘들게 서류 요구함  결론은 무직자 대출로 받았는데 불필요하게 처음부터 무직자 대출 받을수 있게 해줬으면 좋았을텐데 

서류 제출 때문에 스트레스 많이 받음

창구 직원의 전문성이 떨어지느거 같음"
161,woori,98RENT,69,10996,2016. 04. 13.,3.25,3,2,4,4,"작년 초 결혼을 하게 되면서 1억 정도 전세자금이 필요하여 전세자금대출을 하게 되었습니다. 신용대출보다 금액 한도도 높고 금리도 높지 않았으며 바로 집주인에게 송금되어 편했습니다. 급여, 청약과 적금 등이 있는 주거래 은행인 우리은행에서 받았으며 최대한 혜택을 받아 3.2%에 대출 받았습니다. 부동산서류 등 복잡한 절차와 서류들이 필요하여 창구를 여러번 방문해야 했으며 승인까지도 일주일 넘게 걸렸었습니다. 그래도 창구직원분이 저를 전담하여 친절하게 끝까지 업무를 해주셔서 좋았습니다"
162,woori,98RENT,69,10997,2016. 04. 13.,3.75,4,3,4,4,2014년 결혼해서 신혼집으로 다세대주택의 전세를구해서 가게됐습니다 둘다 직장인이라 대출을 1억정도 받아서 주거래은행인 우리은행에서 했는데 서류가 준비할게 많고 은행에 자꾸 뭐가 안되서 뭐가 더 필요해서 암튼 왔다갔다 할 일이 많아 좀 많이 번거로왔구요 신용부분을 너무 심하게 좀 체크하는거같아 감정이 상한부분도 있습니다그래도 3프로 금리는괜찮은거 같고 변동사항이나 유리한 점등을 잘 설명해줘서 큰 부담없이 이용했고 주거래은행을 이용하는게 편리하다고 생각합니다
163,woori,98RENT,69,10998,2016. 04. 13.,3.5,3,3,4,4,개인적으로 전세를 구해야되는 상황이 있었는데 경험이 없다보니 잘 몰라서 망설이게 되었습니다. 지인을 통해 알아본 결과 우리은행으로 추천을 받았고 특히 지인이 아는 직원으로 추천을 받아 쉽게 대출을 받을 수 있었으며 그 지점이 근무하는 회사와 거리가 멀어 불편했지만 직원분이친절하게 먼저 필요서류를 빠짐없이 안내해주셔서 무리 없이 순조롭게 진행할 수 있었습니다. 총 8000만원 대출에 3.3%이자로 대출을 받았고 비교적 저렴한 이자여서 만족합니다.
164,woori,98RENT,69,10999,2016. 04. 13.,2.5,2,2,3,3,갑자기 급하게  전세자금과 목돈이 필요해서 대출을 받게되었는대 생각보다 금리가 비싼편이여서 망설이게됐습니다. 아무래도 큰돈을 대출할수록 높아지는 금리에 다달이 낼 이자 걱정도 하게됐구요. 일단 주거래 은행이 우리은행이어서 타거래보다 낫지 않을까했는대 사실 그렇게 우대된건 없어요. 적금도 들어야하고 급여통장도 바꿔야하구 신용카드도 발급 받아야하는등 번거로움등도 많았고 0.1%정도의 혜택제공등 크게 느껴지는건 없었습니다. 상담하시는분도 집으로 와주신건 편리했지만 전문성도 떨어지셨고 결국 서류를 분명 준비해서 드렸는대 필요없다시더니 평일 근무에 다시연락와서 그날로 달라셔서 회사근처 동사무소찾아 떼서 팩스로 드리느라 점심도 못먹고 헤매는등의 일도 있었고 적
165,woori,98RENT,69,11000,2016. 04. 13.,3.5,4,3,3,4,대출을 받아서 들어갈 전세집을 알아보던 중 부동산에서 우리은행을 추천해줘서 찾아갔는데 생각보다 불편하거나 복잡한것 없이 편안하게 절차가 이루어졌습니다 
166,woori,98RENT,69,11001,2016. 04. 13.,3.25,3,2,4,4,전세대출이 필요하여 몇군데 은행을 알아보던중 우리은행  대출을 선택했습니다.  가장 중요한 부분이 제 직업군에서 가장 저렴한 이자를 선택할수 밖에 없더군요.  다행히 4%대의 이자로 대출을 받았습니다.  문제는 준비서류 입니다.  모든 은행들이 서류심사를 준비하는데 너무  많은 서류가 들어가죠.  가장 불편한점이 서류구비였던것 같습니다. 간단하게 몇가지만의 서류준비만 간단해지면 좋을것 같네요.
167,woori,98RENT,69,11002,2016. 04. 13.,3.75,5,1,5,4,"구리시에서 월세로 신혼살림을 시작했습니다 하지만 아이를 출산후에 지출이 많아지면서 전세로 바꿔야 겠다는 생각이 들었습니다 저금리로 전세대출 상품을 알아보던중 시청에서 저소득 전세지원 혜택이 있는것을 알고 시청에 방문 했더니 자격이 되니,상품을 취급하는 몇개 은행을 알려주었습니다. 그중 주거래 은행이었던 우리은행을 방문하여 2%대의 저금리로 대출을 받을수 있었습니다. 정부측 상품이기 때문에 따로 우대금리는 받을 수 없었지만 친절한 상담을 받을수 있어 지금까지 우리은행을 계속 주거래 은행으로 이용하고 있습니다 "
168,woori,98RENT,69,11003,2016. 04. 13.,5.0,5,5,5,5,예2 - 신용도로 4% 정도면 적당하다고 생각합니다.. 주거래가 아니면 이자가 높더라구요... 저도 신용대출 할려고 보니 800 나오는데 9% 였던 적이 있어서 안받았습니다... 
169,woori,98RENT,69,11004,2016. 04. 13.,3.25,4,3,2,4,주거래은행으로 온가족이 우리은행을 이용하지만 주거래은행이라는 장점을 단한번도 누려본적이 없고 전세금때문에 추가대출을  받고 해도 그로인한 우대금리 상품을 추천받아보지 못함. 다른고객과 마찬가지로 정해져있는 조건에서 직원들이 일처리를 빠르게 할수있는 선에서 대출조건을 제시하는것 같았음. 남편 회사급여통장도 곧 다른은행으로 바뀐다고 하고 5년넘게 주거래은행으로 우리은행에 노력해왔지만 큰 고민없이 바꿀예정임
170,woori,98RENT,69,11005,2016. 04. 13.,2.0,2,2,2,2,금리가높고 주거래은행혜택도적었음
171,woori,98RENT,69,11006,2016. 04. 13.,3.25,3,1,4,5,회사 근무경력이 짧은데 우대 받을 수 있는 방법을 잘 안내받음
172,woori,98RENT,69,11007,2016. 04. 13.,5.0,5,5,5,5,작년말에 전세가 올라 급하게 1000만원정도 필요하게 되었습니다. 주거래은행인 우리은행에 신청하자 친절하고 비교적 빠르게 받을수있었고 무엇보다 금리가 낫은것이 가장 좋았습니다. 저같은 서민에게는 무엇보다도 낮은금리가 가계에 도움이되니까요
173,woori,98RENT,69,11008,2016. 04. 13.,4.0,4,4,4,4,작년 걸혼을 앞두고 전세대출을 위해 회사 임직원대상 프로모션을 진행중인 상품으로 결정하여대출 받음. 금리가 연봉대비 낮을거라 여겼으나 실제로 그렇지 못함 다만 창구직원이 여려가지 상품을 비교하여 추천해 대출받음
174,woori,98RENT,69,11009,2016. 04. 13.,3.5,3,4,4,3,"집주인은 일방적인 통보로 갑작스럽게 이사를 하게 되어 전세대출을 이용습니다.
5천만원을 대출한 상태로 이자가 높아 매우 힘든 상태입니다.
은행자체는 대출하기 편합니다"
175,woori,98RENT,69,11010,2016. 04. 13.,3.75,4,4,3,4,결혼을 준비하는중 전세자금이 부족하여 찾아보니 전세대출을 국가에서 보조해 주는 부분이 있어서 시행하게되었다 저렴한 금리에 대출반환금 수수료가 없어서 좋았다. 주거래은행이라 큰 어려움이 없었으나 정부에서 하는 대출이다 보니 혜택이 일률적이어서 아쉬웠다
176,woori,98RENT,69,11011,2016. 04. 13.,3.5,4,3,3,4,"전세자금대출이 필요해서 우리은행서 대출을 받은건데 금리도 저렴했고 우대금리 받기도 편했고 우대금리를 위해선 이것저것 가입을 권하긴 했지만 뭐 적금이나 자동이체등 이런거 위주여서 응하기 편했고

대출해주시는 직원분도 이것저것 유리한 쪽으로 잘 설명해주셔서 잘 받았습니다.

저희도 신용상 문제가 없었기때문에 2프로 대로 대출 진행을 했고 ㅡ 오히려 주거래였던 신한보다 더 수월히 받았습니다.

주거래 은행 뿐 아니라 전세 자금 대출 받을땐 여러 은행 비교 해 보는게 좋은것같아요!"
177,woori,98RENT,69,11012,2016. 04. 13.,3.0,3,3,3,3,작년에  전세가  넘무 올라서  주거래인  우리은행  전세 대출을  받았습니다. 서류제츌이 너무 많아서  머리가 아프고  짜증이 났지만  주거래인  은행이다보니  친절하게  상담받았네요
